,Unnamed: 0,HR2_5,HR6,HR7_1,HR7_2,HR7_3,HR7_4,HR12_1,HR12_2,STIMULUS3,MEDIA6_4,DEMOGRAPHIC13,HR8,HR11.0,HR11.1,HR11.2,HR11.3,HR14.0,HR14.1,HR14.2,HR14.3,HR14.4,HR14.5,HR14.6,HR14.7
0,0,5,3,2,1,2,2,0,0,0,1,0,2,1,0,0,0,1,0,0,0,0,0,0,0
1,1,4,2,2,2,1,2,1,0,1,4,0,2,0,1,0,0,0,1,0,0,0,0,0,0
2,2,0,0,0,0,0,0,0,0,0,1,0,0,0,0,1,0,0,0,1,0,0,0,0,0
3,3,3,2,2,2,1,3,1,1,0,1,0,1,0,0,1,0,1,0,0,0,0,0,0,0
4,4,2,4,4,0,1,3,0,1,1,3,0,0,0,0,1,0,0,0,1,0,0,0,0,0
5,5,5,2,3,3,3,3,0,0,1,3,0,2,1,0,0,0,1,0,0,0,0,0,0,0
6,6,2,0,2,4,3,1,1,1,2,1,1,1,0,0,1,0,0,0,1,0,0,0,0,0
7,7,4,4,4,4,4,4,2,2,1,5,1,3,0,1,0,0,0,0,0,1,0,0,0,0
8,8,3,1,4,4,4,4,2,2,1,5,1,3,0,1,0,0,0,0,0,1,0,0,0,0
9,9,4,4,3,2,1,0,0,2,2,1,1,3,0,1,0,0,0,0,0,1,0,0,0,0
10,10,4,3,3,3,2,3,2,2,2,2,1,2,0,1,0,0,0,0,0,1,0,0,0,0
11,11,3,4,2,2,2,3,1,2,2,2,1,3,1,0,0,0,0,0,0,1,0,0,0,0
12,12,3,3,0,0,0,0,0,0,2,3,0,0,0,0,1,0,0,1,0,0,0,0,0,0
13,13,0,1,0,0,0,0,2,0,0,0,1,0,0,0,1,0,0,0,0,1,0,0,0,0
14,14,5,4,4,4,4,4,1,2,3,3,3,3,1,0,0,0,0,0,0,1,0,0,0,0
15,15,4,3,3,0,0,0,0,0,2,2,1,0,1,0,0,0,0,0,0,0,1,0,0,0
16,16,4,3,1,3,3,2,2,2,2,3,1,2,0,1,0,0,0,0,0,1,0,0,0,0
17,17,4,1,3,2,0,0,0,0,1,3,1,0,0,1,0,0,0,1,0,0,0,0,0,0
18,18,4,3,4,4,3,4,2,2,2,5,1,1,0,1,0,0,0,0,0,0,1,0,0,0
19,19,1,1,3,3,2,3,2,2,3,2,0,3,1,0,0,0,0,0,0,1,0,0,0,0
20,20,2,2,2,2,1,1,1,1,1,3,1,1,0,0,1,0,0,0,0,1,0,0,0,0
21,21,5,1,2,1,2,3,2,2,2,4,1,3,1,0,0,0,0,0,0,1,0,0,0,0
22,22,1,2,0,2,3,2,2,1,1,2,0,1,1,0,0,0,1,0,0,0,0,0,0,0
23,23,5,4,4,4,3,4,2,2,3,1,2,3,1,0,0,0,0,1,0,0,0,0,0,0
24,24,3,3,0,1,3,4,1,2,2,5,1,1,0,1,0,0,0,0,0,1,0,0,0,0
25,25,3,4,4,4,3,3,2,1,1,0,0,3,0,1,0,0,0,1,0,0,0,0,0,0
26,26,3,3,4,3,2,3,2,2,2,5,0,1,0,1,0,0,0,0,0,1,0,0,0,0
27,27,3,2,2,3,1,3,1,1,1,3,1,1,0,0,1,0,0,0,0,0,1,0,0,0
28,28,3,1,4,1,0,4,2,2,0,4,0,1,1,0,0,0,0,0,0,1,0,0,0,0
29,29,3,4,0,0,0,0,0,0,3,1,1,0,0,0,1,0,1,0,0,0,0,0,0,0
30,30,5,3,3,4,3,4,0,2,3,4,1,2,0,0,1,0,0,0,1,0,0,0,0,0
31,31,4,3,3,3,4,3,2,1,2,2,0,2,0,1,0,0,1,0,0,0,0,0,0,0
32,32,3,1,2,2,2,2,1,1,2,3,1,1,0,0,1,0,0,0,0,1,0,0,0,0
33,33,5,4,4,4,4,4,2,2,3,5,3,3,1,0,0,0,0,0,0,1,0,0,0,0
34,34,5,1,4,4,1,4,2,2,1,5,0,3,0,1,0,0,1,0,0,0,0,0,0,0
35,35,4,3,3,3,3,3,2,2,2,4,1,2,1,0,0,0,0,0,0,1,0,0,0,0
36,36,2,2,3,3,1,3,2,2,2,4,0,3,0,1,0,0,1,0,0,0,0,0,0,0
37,37,4,1,0,0,0,0,0,2,1,3,0,0,1,0,0,0,0,0,1,0,0,0,0,0
38,38,4,2,0,0,0,0,2,2,0,2,0,0,0,1,0,0,1,0,0,0,0,0,0,0
39,39,0,0,1,4,2,4,0,1,2,1,1,1,1,0,0,0,0,1,0,0,0,0,0,0
40,40,5,3,4,4,3,4,2,1,2,3,1,2,0,1,0,0,0,0,0,0,0,1,0,0
41,41,5,4,2,2,3,4,2,2,3,1,1,3,0,1,0,0,0,0,1,0,0,0,0,0
42,42,1,2,2,2,1,2,1,1,2,4,1,1,0,0,1,0,0,0,0,0,1,0,0,0
43,43,3,0,0,0,0,0,0,0,0,3,1,0,1,0,0,0,0,0,0,1,0,0,0,0
44,44,3,2,2,3,3,3,0,0,0,1,0,0,1,0,0,0,0,0,1,0,0,0,0,0
45,45,3,3,3,3,3,3,0,0,0,3,1,2,0,1,0,0,0,0,1,0,0,0,0,0
46,46,4,3,3,3,3,3,2,2,2,2,1,2,0,0,1,0,0,0,0,1,0,0,0,0
47,47,4,3,2,1,3,2,2,1,2,3,2,2,0,1,0,0,0,1,0,0,0,0,0,0
48,48,4,4,4,4,4,4,2,2,2,1,1,3,1,0,0,0,0,0,0,1,0,0,0,0
49,49,5,1,3,3,3,3,0,0,2,5,1,3,0,1,0,0,1,0,0,0,0,0,0,0
50,50,4,1,0,0,2,0,0,2,1,2,1,2,0,1,0,0,1,0,0,0,0,0,0,0
51,51,5,2,4,3,1,3,2,2,2,3,0,3,0,1,0,0,0,0,0,0,0,1,0,0
52,52,5,2,3,3,0,0,2,2,1,5,2,2,1,0,0,0,0,0,0,0,1,0,0,0
53,53,4,4,4,3,3,3,2,2,2,5,1,2,0,1,0,0,0,0,0,1,0,0,0,0
54,54,4,4,3,4,3,4,2,2,2,3,1,3,0,0,1,0,1,0,0,0,0,0,0,0
55,55,2,1,3,3,3,2,2,2,1,4,0,3,0,1,0,0,0,0,1,0,0,0,0,0
56,56,5,0,2,0,1,0,0,0,0,4,0,1,1,0,0,0,1,0,0,0,0,0,0,0
57,57,4,2,4,3,2,3,0,1,1,4,1,2,0,1,0,0,0,0,0,0,1,0,0,0
58,58,5,3,4,4,3,4,2,1,2,1,2,3,0,1,0,0,0,1,0,0,0,0,0,0
59,59,2,3,3,4,2,2,2,1,2,5,2,2,1,0,0,0,0,1,0,0,0,0,0,0
60,60,5,3,3,3,3,3,2,2,2,5,0,3,0,1,0,0,0,0,0,0,1,0,0,0
61,61,5,4,3,0,1,0,2,1,2,4,1,2,0,1,0,0,0,1,0,0,0,0,0,0
62,62,2,3,2,2,1,1,2,1,2,2,0,1,0,1,0,0,0,0,0,1,0,0,0,0
63,63,4,1,3,4,3,3,2,2,1,5,2,3,0,1,0,0,1,0,0,0,0,0,0,0
64,64,4,2,0,0,0,0,1,1,0,3,1,1,1,0,0,0,0,1,0,0,0,0,0,0
65,65,5,4,4,4,3,3,2,2,2,5,3,3,0,1,0,0,0,0,0,0,0,1,0,0
66,66,5,4,4,3,4,3,2,2,2,3,1,3,0,1,0,0,0,0,0,1,0,0,0,0
67,67,1,3,3,3,3,2,2,2,2,2,2,2,0,1,0,0,0,0,0,0,0,1,0,0
68,68,5,2,4,3,1,3,2,0,3,3,2,1,1,0,0,0,0,0,0,1,0,0,0,0
69,69,5,2,4,2,2,2,2,2,1,4,0,3,0,1,0,0,1,0,0,0,0,0,0,0
70,70,4,1,4,4,0,3,2,2,1,4,0,3,0,1,0,0,0,0,1,0,0,0,0,0
71,71,4,3,4,4,4,4,2,2,3,4,1,3,1,0,0,0,0,0,0,1,0,0,0,0
72,72,3,4,2,0,1,3,0,0,3,2,1,1,1,0,0,0,0,0,0,1,0,0,0,0
73,73,3,4,1,4,4,4,0,0,1,5,0,2,0,1,0,0,1,0,0,0,0,0,0,0
74,74,5,3,3,3,4,3,2,1,2,1,1,2,1,0,0,0,0,0,0,0,0,1,0,0
75,75,5,4,4,3,4,4,2,2,3,4,2,3,1,0,0,0,0,0,0,1,0,0,0,0
76,76,5,4,4,4,4,4,2,2,3,5,3,3,1,0,0,0,0,0,0,1,0,0,0,0
77,77,5,4,4,4,4,4,2,2,3,5,3,3,1,0,0,0,0,0,0,1,0,0,0,0
78,78,4,2,4,2,1,1,1,2,2,3,0,1,0,1,0,0,0,0,0,1,0,0,0,0
79,79,1,1,3,4,4,4,0,2,2,3,1,3,0,1,0,0,0,0,1,0,0,0,0,0
80,80,3,1,0,0,0,0,0,0,1,2,0,0,0,0,1,0,0,0,0,0,1,0,0,0
81,81,4,2,0,0,0,3,0,2,3,0,0,2,1,0,0,0,1,0,0,0,0,0,0,0
82,82,4,3,4,3,2,1,2,1,2,4,1,2,1,0,0,0,0,0,0,0,0,1,0,0
83,83,5,4,4,3,4,3,2,2,3,4,2,3,0,1,0,0,1,0,0,0,0,0,0,0
84,84,3,2,3,1,3,2,2,1,3,3,1,1,0,1,0,0,0,1,0,0,0,0,0,0
85,85,5,3,4,3,4,3,2,2,3,3,2,3,1,0,0,0,0,0,0,1,0,0,0,0
86,86,5,4,4,3,4,3,2,2,3,4,1,3,0,1,0,0,0,0,0,1,0,0,0,0
87,87,4,3,3,3,3,3,2,2,2,4,1,3,1,0,0,0,0,1,0,0,0,0,0,0
88,88,0,2,1,1,2,0,1,1,0,5,0,1,1,0,0,0,0,0,0,1,0,0,0,0
89,89,5,4,4,4,4,4,2,2,3,3,2,3,1,0,0,0,0,1,0,0,0,0,0,0
90,90,4,3,1,1,1,3,1,1,1,3,1,1,0,0,1,0,0,0,0,1,0,0,0,0
91,91,5,4,4,4,3,4,2,2,3,2,2,2,1,0,0,0,0,0,0,1,0,0,0,0
92,92,4,2,0,0,0,0,1,0,0,0,0,0,0,0,1,0,0,0,0,0,0,1,0,0
93,93,1,1,4,4,4,4,2,2,2,2,0,2,1,0,0,0,0,0,0,1,0,0,0,0
94,94,4,4,4,3,3,3,2,2,3,5,1,2,0,1,0,0,0,0,0,1,0,0,0,0
95,95,2,2,0,0,0,0,0,0,2,3,1,1,1,0,0,0,0,0,0,1,0,0,0,0
96,96,4,3,4,3,2,3,2,2,2,5,2,2,0,1,0,0,0,1,0,0,0,0,0,0
97,97,4,3,3,4,3,4,2,2,3,5,3,3,0,1,0,0,0,0,0,1,0,0,0,0
98,98,5,1,4,4,3,0,2,2,1,5,0,3,0,0,0,1,0,0,0,0,1,0,0,0
99,99,2,1,3,4,2,3,0,1,1,2,2,1,0,0,0,1,0,0,0,0,1,0,0,0
100,100,5,3,2,3,1,2,1,1,2,4,2,1,1,0,0,0,0,0,0,0,1,0,0,0
101,101,5,4,4,3,4,3,2,2,2,4,2,2,0,0,1,0,0,0,0,1,0,0,0,0
102,102,3,1,4,1,1,1,1,1,1,1,0,1,0,0,1,0,0,0,0,0,1,0,0,0
103,103,4,3,1,2,2,3,2,2,2,4,1,2,1,0,0,0,0,0,0,1,0,0,0,0
104,104,3,1,1,1,1,0,1,1,1,1,0,1,0,0,1,0,0,1,0,0,0,0,0,0
105,105,5,4,4,4,4,4,2,2,0,5,0,3,0,0,1,0,1,0,0,0,0,0,0,0
106,106,3,1,4,3,3,4,2,2,1,3,0,3,0,1,0,0,1,0,0,0,0,0,0,0
107,107,5,4,4,4,3,4,2,2,3,4,2,3,1,0,0,0,0,0,0,1,0,0,0,0
108,108,4,3,3,3,3,3,2,2,2,5,1,1,1,0,0,0,0,0,0,1,0,0,0,0
109,109,4,1,0,4,0,0,2,2,2,4,0,3,1,0,0,0,1,0,0,0,0,0,0,0
110,110,3,3,2,4,3,4,2,2,2,5,3,3,1,0,0,0,0,0,0,0,1,0,0,0
111,111,2,2,3,2,2,3,0,2,1,3,1,2,0,1,0,0,0,0,1,0,0,0,0,0
112,112,3,0,0,0,0,0,0,0,0,1,0,0,0,0,1,0,0,0,1,0,0,0,0,0
113,113,4,1,4,3,2,3,2,2,1,3,0,2,0,1,0,0,1,0,0,0,0,0,0,0
114,114,3,3,3,0,0,0,2,0,0,3,0,2,0,1,0,0,1,0,0,0,0,0,0,0
115,115,5,4,4,3,2,1,2,1,3,4,1,2,0,1,0,0,0,0,0,1,0,0,0,0
116,116,2,3,2,3,1,2,1,1,0,5,1,1,1,0,0,0,0,0,0,1,0,0,0,0
117,117,4,1,3,0,1,1,0,2,1,2,2,3,0,1,0,0,1,0,0,0,0,0,0,0
118,118,1,1,4,4,4,4,2,2,0,1,0,3,1,0,0,0,0,0,0,0,0,1,0,0
119,119,3,2,2,2,2,2,1,1,0,1,1,1,0,1,0,0,0,0,0,0,0,1,0,0
120,120,1,2,1,2,2,0,2,2,3,3,0,2,0,1,0,0,1,0,0,0,0,0,0,0
121,121,3,2,3,2,3,3,2,2,1,2,1,2,0,1,0,0,0,0,0,1,0,0,0,0
122,122,3,2,0,0,0,0,0,0,0,1,3,0,0,0,0,1,0,0,0,0,0,0,1,0
123,123,4,3,0,2,1,2,2,2,1,2,0,1,0,1,0,0,0,0,1,0,0,0,0,0
124,124,4,4,3,4,1,2,2,2,3,3,2,3,0,1,0,0,0,1,0,0,0,0,0,0
125,125,1,3,2,1,0,1,1,0,1,2,1,3,1,0,0,0,0,0,0,0,0,0,0,1
126,126,3,1,2,3,2,3,1,1,1,4,1,1,0,1,0,0,0,0,0,0,1,0,0,0
127,127,3,3,3,4,2,4,2,2,1,4,1,2,0,0,1,0,0,0,0,0,0,0,0,1
128,128,1,2,3,2,1,3,2,0,2,4,1,3,0,1,0,0,0,0,0,0,0,1,0,0
129,129,3,2,2,2,4,4,1,1,2,3,3,1,1,0,0,0,0,0,0,0,0,0,0,1
130,130,5,4,0,4,4,4,2,2,2,5,1,3,0,1,0,0,0,0,0,1,0,0,0,0
131,131,3,4,3,4,4,3,1,1,3,2,1,3,0,1,0,0,0,1,0,0,0,0,0,0
132,132,1,4,4,2,1,1,0,0,1,2,0,3,0,1,0,0,0,1,0,0,0,0,0,0
133,133,4,4,3,4,3,3,1,1,1,2,1,1,0,1,0,0,0,0,0,1,0,0,0,0
134,134,2,2,3,2,1,1,1,0,0,4,3,2,0,1,0,0,0,0,0,0,0,1,0,0
135,135,4,3,4,4,2,4,2,1,2,4,0,2,1,0,0,0,0,0,0,1,0,0,0,0
136,136,4,3,2,3,3,3,2,1,3,3,2,2,1,0,0,0,0,0,0,1,0,0,0,0
137,137,5,1,3,4,3,3,2,2,0,3,0,3,1,0,0,0,0,0,0,1,0,0,0,0
138,138,4,4,3,3,3,4,2,1,3,5,2,3,1,0,0,0,0,1,0,0,0,0,0,0
139,139,2,3,1,1,2,3,1,0,2,2,0,2,0,1,0,0,0,0,0,0,0,1,0,0
140,140,3,1,0,0,0,0,2,2,1,3,0,2,0,1,0,0,1,0,0,0,0,0,0,0
141,141,3,3,2,2,2,2,0,0,1,0,1,2,0,1,0,0,0,0,1,0,0,0,0,0
142,142,3,2,0,1,2,0,0,2,1,2,2,3,0,1,0,0,0,0,0,0,0,0,0,1
143,143,4,2,1,3,3,3,2,1,3,3,2,2,1,0,0,0,0,0,0,1,0,0,0,0
144,144,4,4,2,4,3,4,2,2,3,3,0,2,0,1,0,0,0,0,0,1,0,0,0,0
145,145,3,3,3,4,3,3,2,2,2,5,2,2,0,1,0,0,0,0,0,1,0,0,0,0
146,146,3,2,3,4,3,4,2,0,3,5,1,2,1,0,0,0,0,1,0,0,0,0,0,0
147,147,5,4,3,4,3,4,2,2,3,4,1,2,0,1,0,0,0,0,0,0,0,1,0,0
148,148,4,2,3,2,4,4,1,2,3,4,1,3,0,0,1,0,0,0,0,1,0,0,0,0
149,149,4,3,3,4,4,3,2,1,2,2,1,2,1,0,0,0,0,1,0,0,0,0,0,0
150,150,1,1,4,4,4,4,2,2,3,1,2,3,0,1,0,0,0,0,0,1,0,0,0,0
151,151,5,2,2,1,2,4,1,1,2,1,1,1,1,0,0,0,0,0,0,0,0,0,0,1
152,152,3,1,1,1,1,1,1,0,1,2,1,1,0,1,0,0,0,0,1,0,0,0,0,0
153,153,5,4,4,4,3,3,2,2,3,4,0,3,1,0,0,0,0,0,0,1,0,0,0,0
154,154,2,3,2,2,3,0,2,2,2,2,2,2,0,0,1,0,0,1,0,0,0,0,0,0
155,155,4,4,3,3,4,3,2,2,3,4,3,2,1,0,0,0,0,0,0,1,0,0,0,0
156,156,5,4,3,3,4,3,2,2,2,2,2,2,1,0,0,0,0,0,0,0,0,1,0,0
157,157,3,1,4,4,4,3,2,2,3,4,2,3,1,0,0,0,0,0,0,1,0,0,0,0
158,158,5,3,4,3,4,4,2,2,3,4,0,3,0,1,0,0,0,0,0,1,0,0,0,0
159,159,5,3,4,2,4,2,1,1,3,3,1,0,0,0,1,0,0,0,0,0,0,0,0,1
160,160,3,1,2,2,2,3,1,1,2,3,0,1,0,0,1,0,1,0,0,0,0,0,0,0
161,161,5,4,4,4,1,4,2,2,2,5,2,3,0,1,0,0,0,0,0,1,0,0,0,0
162,162,2,2,2,2,2,2,1,1,0,4,3,1,0,1,0,0,1,0,0,0,0,0,0,0
163,163,2,4,3,4,3,3,2,1,2,3,1,3,1,0,0,0,0,0,0,0,1,0,0,0
164,164,3,2,4,3,1,3,2,2,2,3,1,2,0,1,0,0,0,0,0,1,0,0,0,0
165,165,4,1,4,4,0,2,2,0,1,5,0,3,0,1,0,0,0,0,0,0,1,0,0,0
166,166,5,2,2,3,3,3,2,2,3,4,1,3,1,0,0,0,0,0,0,1,0,0,0,0
167,167,5,4,4,4,4,4,2,2,3,5,2,3,0,1,0,0,0,0,0,0,1,0,0,0
168,168,3,3,3,2,3,2,1,2,2,2,0,2,1,0,0,0,0,1,0,0,0,0,0,0
169,169,4,3,3,3,3,3,2,2,2,3,2,2,1,0,0,0,0,0,0,0,0,1,0,0
170,170,2,2,2,2,0,4,1,2,1,4,2,1,0,0,1,0,0,0,0,0,1,0,0,0
171,171,3,1,2,0,0,2,0,0,2,3,1,1,1,0,0,0,0,0,0,1,0,0,0,0
172,172,5,3,3,3,3,3,2,2,0,3,1,1,0,1,0,0,0,0,1,0,0,0,0,0
173,173,4,2,2,2,3,2,2,2,2,3,1,2,0,1,0,0,1,0,0,0,0,0,0,0
174,174,0,1,3,3,2,3,2,2,1,3,1,3,0,1,0,0,0,1,0,0,0,0,0,0
175,175,5,4,4,3,4,3,2,2,3,4,2,3,1,0,0,0,0,0,0,1,0,0,0,0
176,176,3,0,0,0,0,4,0,0,0,1,1,0,0,0,1,0,0,0,1,0,0,0,0,0
177,177,5,2,3,3,4,2,2,1,1,4,1,2,0,1,0,0,0,0,0,0,0,1,0,0
178,178,5,1,3,4,3,0,0,0,0,3,0,3,0,1,0,0,1,0,0,0,0,0,0,0
179,179,5,3,3,4,4,3,2,2,2,5,1,3,0,1,0,0,0,0,0,1,0,0,0,0
180,180,2,2,1,2,3,1,0,0,0,3,1,2,0,1,0,0,0,1,0,0,0,0,0,0
181,181,3,4,3,2,2,3,2,1,2,3,2,2,0,1,0,0,0,0,0,1,0,0,0,0
182,182,2,2,0,3,1,3,2,2,1,4,1,2,1,0,0,0,0,0,0,1,0,0,0,0
183,183,0,2,0,0,0,0,1,1,2,2,1,1,0,0,0,1,0,0,0,0,0,1,0,0
184,184,2,1,0,0,0,0,1,1,1,3,1,1,1,0,0,0,0,0,0,1,0,0,0,0
185,185,4,2,3,3,2,3,2,2,2,2,1,2,0,1,0,0,0,1,0,0,0,0,0,0
186,186,3,2,2,3,2,2,1,0,1,1,0,2,0,0,1,0,1,0,0,0,0,0,0,0
187,187,0,1,0,0,0,0,0,0,0,2,0,0,1,0,0,0,0,0,0,1,0,0,0,0
188,188,5,1,4,4,4,4,2,2,1,4,1,3,1,0,0,0,0,0,1,0,0,0,0,0
189,189,3,2,2,2,1,2,1,1,2,4,1,1,0,0,1,0,0,0,0,0,1,0,0,0
190,190,3,1,3,0,0,4,2,2,1,3,0,3,1,0,0,0,0,0,1,0,0,0,0,0
191,191,4,4,3,4,4,3,2,1,3,3,1,1,0,1,0,0,0,0,0,1,0,0,0,0
192,192,0,4,4,4,4,4,0,0,0,1,3,3,1,0,0,0,0,0,1,0,0,0,0,0
193,193,5,4,4,4,4,4,2,2,3,5,2,3,1,0,0,0,0,0,0,1,0,0,0,0
194,194,5,2,3,1,3,3,0,2,3,4,1,1,0,1,0,0,0,0,0,1,0,0,0,0
195,195,1,1,0,1,1,2,2,2,1,5,0,3,0,1,0,0,0,0,1,0,0,0,0,0
196,196,2,2,4,4,4,4,2,2,1,5,0,3,0,1,0,0,1,0,0,0,0,0,0,0
197,197,3,3,3,3,3,3,2,2,2,2,0,2,0,0,1,0,0,1,0,0,0,0,0,0
198,198,5,3,3,3,3,4,2,2,3,3,2,3,0,1,0,0,0,0,0,1,0,0,0,0
199,199,1,3,4,4,4,3,2,2,2,4,2,2,0,1,0,0,0,0,0,1,0,0,0,0
200,200,3,1,1,1,1,1,0,0,0,1,0,1,0,1,0,0,0,1,0,0,0,0,0,0
201,201,5,1,1,3,3,2,2,2,3,3,0,3,0,0,0,1,1,0,0,0,0,0,0,0
202,202,3,2,0,0,0,0,0,0,0,3,1,0,0,1,0,0,0,0,0,0,0,0,0,1
203,203,2,2,4,4,3,3,2,2,2,3,2,3,0,1,0,0,0,0,0,1,0,0,0,0
204,204,4,3,4,2,3,1,2,1,3,2,0,2,1,0,0,0,0,1,0,0,0,0,0,0
205,205,2,1,0,4,0,3,1,1,1,3,1,3,0,1,0,0,0,0,1,0,0,0,0,0
206,206,1,3,1,2,1,1,1,1,2,4,1,1,0,0,1,0,0,0,0,0,0,1,0,0
207,207,3,2,3,2,1,3,1,2,2,2,1,2,0,1,0,0,0,0,0,0,0,1,0,0
208,208,4,2,1,3,2,3,1,1,2,5,1,1,0,0,1,0,0,0,0,1,0,0,0,0
209,209,3,4,4,4,3,3,2,2,1,2,0,3,1,0,0,0,0,0,0,1,0,0,0,0
210,210,5,2,3,4,0,4,0,0,2,1,1,3,0,1,0,0,0,1,0,0,0,0,0,0
211,211,4,2,4,3,2,3,2,2,3,4,2,2,0,1,0,0,0,0,0,0,1,0,0,0
212,212,4,4,4,3,4,3,2,1,3,2,2,2,0,1,0,0,0,1,0,0,0,0,0,0
213,213,4,3,4,3,3,3,2,2,1,4,1,2,0,1,0,0,0,0,0,1,0,0,0,0
214,214,2,1,3,1,1,2,0,1,2,2,0,2,0,0,1,0,0,0,0,0,1,0,0,0
215,215,3,1,4,0,0,0,0,2,0,2,0,3,0,1,0,0,0,0,1,0,0,0,0,0
216,216,1,3,4,3,1,1,1,2,2,4,1,2,0,1,0,0,0,0,1,0,0,0,0,0
217,217,3,3,0,0,0,0,0,0,0,0,1,0,0,0,1,0,0,0,0,0,1,0,0,0
218,218,3,2,0,0,0,0,0,0,0,0,0,0,0,0,0,1,0,0,1,0,0,0,0,0
219,219,3,2,3,4,4,2,1,1,2,1,3,2,0,1,0,0,1,0,0,0,0,0,0,0
220,220,5,1,4,3,1,3,2,2,1,4,1,2,0,1,0,0,1,0,0,0,0,0,0,0
221,221,0,1,0,0,0,0,0,0,0,0,3,1,0,0,1,0,0,0,1,0,0,0,0,0
222,222,5,3,4,2,3,4,2,2,2,3,2,2,0,1,0,0,1,0,0,0,0,0,0,0
223,223,3,4,3,4,4,3,0,2,2,4,2,3,0,1,0,0,1,0,0,0,0,0,0,0
224,224,0,1,3,3,3,3,0,0,1,1,1,2,0,1,0,0,0,0,0,1,0,0,0,0
225,225,4,1,4,4,4,4,2,2,1,4,1,3,0,1,0,0,0,0,1,0,0,0,0,0
226,226,4,1,4,4,4,4,0,1,1,2,0,3,1,0,0,0,1,0,0,0,0,0,0,0
227,227,4,3,3,2,2,3,1,1,1,3,0,0,1,0,0,0,0,0,0,1,0,0,0,0
228,228,4,1,3,3,3,3,2,2,1,4,1,3,1,0,0,0,0,0,1,0,0,0,0,0
229,229,2,2,3,1,3,2,2,2,2,3,1,1,1,0,0,0,0,0,0,1,0,0,0,0
230,230,3,1,3,3,2,2,2,0,1,3,0,2,0,1,0,0,0,1,0,0,0,0,0,0
231,231,3,1,0,0,0,0,2,2,0,3,0,2,0,1,0,0,1,0,0,0,0,0,0,0
232,232,5,4,4,4,4,4,2,2,2,5,2,3,1,0,0,0,1,0,0,0,0,0,0,0
233,233,3,1,2,1,1,3,1,1,2,4,0,1,1,0,0,0,0,0,0,0,1,0,0,0
234,234,3,2,3,3,3,3,1,1,1,4,0,1,1,0,0,0,0,0,0,1,0,0,0,0
235,235,5,1,0,1,1,4,2,2,3,1,0,0,0,1,0,0,1,0,0,0,0,0,0,0
236,236,5,1,3,3,3,3,1,2,2,0,1,1,1,0,0,0,1,0,0,0,0,0,0,0
237,237,5,1,4,3,3,3,2,2,2,5,1,2,1,0,0,0,0,0,0,0,1,0,0,0
238,238,4,3,4,3,3,4,2,2,2,5,2,3,0,1,0,0,0,0,0,0,1,0,0,0
239,239,5,2,4,4,4,4,2,2,1,5,2,3,0,1,0,0,0,0,0,1,0,0,0,0
240,240,2,2,4,0,1,0,0,1,1,3,0,1,1,0,0,0,0,0,0,0,1,0,0,0
241,241,5,4,1,3,3,4,2,1,3,5,0,1,1,0,0,0,0,1,0,0,0,0,0,0
242,242,4,3,0,0,0,0,1,1,2,3,2,1,0,0,1,0,1,0,0,0,0,0,0,0
243,243,4,4,4,3,4,4,2,2,3,1,1,3,0,1,0,0,0,0,0,0,0,1,0,0
244,244,4,2,3,2,3,4,2,2,2,4,2,2,0,1,0,0,0,1,0,0,0,0,0,0
245,245,4,1,4,4,4,4,2,2,1,4,1,3,0,1,0,0,0,0,0,0,1,0,0,0
246,246,5,2,1,1,3,2,2,2,2,0,1,2,1,0,0,0,0,0,0,1,0,0,0,0
247,247,3,2,3,4,3,4,2,2,1,3,0,2,0,0,1,0,0,0,0,0,0,0,1,0
248,248,4,3,3,2,1,2,2,2,2,4,2,2,0,1,0,0,0,0,0,1,0,0,0,0
249,249,4,1,4,3,3,3,2,2,2,5,0,3,0,1,0,0,0,0,1,0,0,0,0,0
250,250,4,1,4,4,4,3,2,2,1,5,1,3,1,0,0,0,0,0,0,0,1,0,0,0
251,251,4,1,3,3,3,3,2,2,1,4,0,2,1,0,0,0,0,0,0,1,0,0,0,0
252,252,3,2,0,0,0,0,2,2,0,2,0,0,1,0,0,0,0,0,1,0,0,0,0,0
253,253,4,1,0,3,3,3,2,2,2,4,2,2,0,1,0,0,0,1,0,0,0,0,0,0
254,254,3,2,0,0,0,0,0,0,0,3,0,0,1,0,0,0,1,0,0,0,0,0,0,0
255,255,4,1,3,3,3,4,2,2,1,5,1,2,0,1,0,0,0,0,0,0,1,0,0,0
256,256,3,3,3,2,1,3,0,2,2,3,0,2,1,0,0,0,0,0,0,0,1,0,0,0
257,257,5,3,3,3,4,3,2,2,2,4,3,3,0,1,0,0,0,0,0,0,0,1,0,0
258,258,2,3,0,2,4,2,1,2,2,1,3,2,1,0,0,0,0,1,0,0,0,0,0,0
259,259,4,1,4,1,1,3,2,2,1,1,0,3,1,0,0,0,0,0,1,0,0,0,0,0
260,260,3,2,1,1,1,1,1,1,2,3,1,1,0,0,1,0,0,0,0,1,0,0,0,0
261,261,4,3,2,2,2,3,2,2,2,4,3,2,1,0,0,0,0,1,0,0,0,0,0,0
262,262,2,2,2,3,3,2,2,1,3,3,0,2,0,1,0,0,0,1,0,0,0,0,0,0
263,263,3,2,2,3,3,3,0,0,2,5,1,2,1,0,0,0,0,0,1,0,0,0,0,0
264,264,2,3,3,4,3,3,1,1,1,3,0,2,0,1,0,0,0,0,0,0,0,1,0,0
265,265,3,0,0,0,0,0,1,1,1,2,0,0,0,0,0,1,1,0,0,0,0,0,0,0
266,266,5,4,4,4,4,4,2,2,3,4,0,3,0,1,0,0,0,0,0,1,0,0,0,0
267,267,4,1,3,1,4,1,2,1,0,2,2,0,0,1,0,0,0,0,0,1,0,0,0,0
268,268,4,2,2,2,4,4,0,0,1,0,0,2,0,0,1,0,0,0,1,0,0,0,0,0
269,269,4,1,4,4,4,4,2,2,1,3,2,3,0,1,0,0,0,0,0,0,0,0,0,1
270,270,3,2,2,1,2,4,1,1,0,2,0,0,0,1,0,0,0,1,0,0,0,0,0,0
271,271,5,3,3,3,3,3,2,2,2,3,2,2,1,0,0,0,0,0,0,1,0,0,0,0
272,272,3,2,0,0,0,0,0,0,0,0,1,0,0,1,0,0,0,0,1,0,0,0,0,0
273,273,4,3,1,1,4,2,2,2,1,2,1,2,0,0,1,0,1,0,0,0,0,0,0,0
274,274,4,2,2,3,3,3,2,2,1,5,0,2,0,1,0,0,1,0,0,0,0,0,0,0
275,275,4,2,2,0,0,0,2,0,2,4,1,3,0,1,0,0,0,0,0,0,1,0,0,0
276,276,4,3,3,3,3,3,2,2,3,5,3,2,1,0,0,0,0,0,0,1,0,0,0,0
277,277,0,0,1,1,1,1,1,1,0,3,0,1,1,0,0,0,0,0,0,0,1,0,0,0
278,278,5,4,4,4,4,4,2,2,3,4,0,3,1,0,0,0,0,0,0,1,0,0,0,0
279,279,3,3,2,3,3,3,2,2,2,4,2,2,0,1,0,0,0,0,0,1,0,0,0,0
280,280,4,4,3,4,4,2,1,2,1,4,2,2,1,0,0,0,0,0,0,1,0,0,0,0
281,281,5,4,1,1,1,1,2,2,3,5,1,3,1,0,0,0,0,0,0,1,0,0,0,0
282,282,4,3,3,3,3,3,2,2,2,2,1,2,0,1,0,0,0,0,0,1,0,0,0,0
283,283,5,4,3,3,2,4,1,1,2,4,2,3,1,0,0,0,0,0,0,1,0,0,0,0
284,284,4,4,3,4,2,3,2,1,2,5,2,3,0,1,0,0,0,0,0,0,1,0,0,0
285,285,5,4,4,4,4,3,2,2,3,4,1,3,1,0,0,0,0,1,0,0,0,0,0,0
286,286,5,4,4,3,2,3,2,2,3,5,2,3,1,0,0,0,0,0,0,1,0,0,0,0
287,287,1,1,4,4,0,0,0,2,1,1,0,2,0,1,0,0,1,0,0,0,0,0,0,0
288,288,4,3,3,3,3,3,2,2,2,2,1,2,0,1,0,0,0,1,0,0,0,0,0,0
289,289,3,2,3,3,3,4,2,1,2,4,0,2,0,1,0,0,0,1,0,0,0,0,0,0
290,290,4,2,1,4,2,3,1,2,3,1,0,1,0,1,0,0,0,1,0,0,0,0,0,0
291,291,4,3,2,3,1,3,2,2,2,4,1,2,0,1,0,0,0,0,0,0,1,0,0,0
292,292,5,4,4,4,4,4,2,2,3,5,3,3,0,1,0,0,0,0,0,1,0,0,0,0
293,293,1,1,2,0,2,2,1,1,1,5,3,1,0,0,1,0,0,0,0,1,0,0,0,0
294,294,3,3,4,3,3,4,2,2,3,5,1,3,0,1,0,0,0,0,0,0,1,0,0,0
295,295,4,2,4,4,2,2,2,2,2,5,2,3,1,0,0,0,0,0,0,1,0,0,0,0
296,296,1,2,1,2,3,2,0,0,2,3,2,1,0,0,1,0,0,0,0,0,0,1,0,0
297,297,5,3,4,3,4,3,2,2,2,4,1,3,1,0,0,0,0,1,0,0,0,0,0,0
298,298,5,4,4,4,4,4,2,2,3,5,3,3,1,0,0,0,0,0,0,1,0,0,0,0
299,299,5,4,4,4,4,4,2,2,2,5,1,3,1,0,0,0,0,0,0,1,0,0,0,0
300,300,5,3,4,3,2,4,2,1,2,5,0,2,0,1,0,0,0,0,0,1,0,0,0,0
301,301,3,2,1,2,1,4,1,1,1,1,1,3,0,1,0,0,0,0,0,0,1,0,0,0
302,302,5,3,2,2,1,4,1,2,2,5,2,2,0,0,1,0,0,0,0,0,1,0,0,0
303,303,3,3,4,4,4,4,2,2,3,5,2,2,1,0,0,0,0,0,0,1,0,0,0,0
304,304,4,3,2,2,2,3,2,2,2,3,1,1,0,0,1,0,0,0,0,1,0,0,0,0
305,305,5,3,4,3,3,4,2,2,3,0,1,3,1,0,0,0,0,0,0,0,1,0,0,0
306,306,1,4,4,0,1,4,2,2,3,5,0,3,1,0,0,0,0,0,0,1,0,0,0,0
307,307,3,3,3,3,3,3,0,0,0,3,0,2,0,0,1,0,0,0,1,0,0,0,0,0
308,308,3,3,3,2,2,3,2,2,2,3,1,2,0,1,0,0,0,1,0,0,0,0,0,0
309,309,4,3,3,4,2,3,2,2,2,4,1,2,0,1,0,0,0,0,0,1,0,0,0,0
310,310,4,4,4,4,4,4,2,2,3,1,0,3,1,0,0,0,0,0,0,1,0,0,0,0
311,311,5,4,4,3,4,3,2,2,3,4,2,3,0,1,0,0,0,0,0,1,0,0,0,0
312,312,0,1,1,0,0,0,1,1,1,5,1,1,1,0,0,0,0,0,0,0,1,0,0,0
313,313,4,3,3,3,3,2,2,2,2,4,1,2,1,0,0,0,0,1,0,0,0,0,0,0
314,314,4,4,4,3,2,4,2,2,2,4,2,3,0,1,0,0,0,0,0,1,0,0,0,0
315,315,3,3,3,2,4,0,0,0,2,3,1,2,0,1,0,0,0,0,0,1,0,0,0,0
316,316,5,2,2,3,3,3,2,2,2,5,1,2,0,1,0,0,0,0,0,1,0,0,0,0
317,317,5,4,3,2,3,2,1,2,2,0,2,2,1,0,0,0,0,1,0,0,0,0,0,0
318,318,5,4,4,4,4,4,2,2,3,4,2,3,0,1,0,0,1,0,0,0,0,0,0,0
319,319,5,4,4,4,4,4,2,2,2,5,3,3,0,1,0,0,0,1,0,0,0,0,0,0
320,320,4,2,3,0,2,3,2,2,2,3,1,2,0,1,0,0,0,1,0,0,0,0,0,0
321,321,5,4,4,4,4,4,2,2,3,1,0,3,1,0,0,0,0,0,0,1,0,0,0,0
322,322,4,4,1,4,1,2,2,1,3,1,0,1,1,0,0,0,0,0,1,0,0,0,0,0
323,323,5,3,4,2,4,4,2,1,3,5,0,3,0,1,0,0,0,1,0,0,0,0,0,0
324,324,4,3,4,4,3,4,2,1,2,4,1,2,0,1,0,0,0,1,0,0,0,0,0,0
325,325,3,1,3,4,0,2,2,0,2,1,0,2,0,1,0,0,1,0,0,0,0,0,0,0
326,326,5,3,4,3,1,1,2,2,2,5,0,3,0,1,0,0,1,0,0,0,0,0,0,0
327,327,3,0,0,0,0,0,0,0,0,3,1,0,0,0,1,0,1,0,0,0,0,0,0,0
328,328,3,3,3,3,3,2,1,0,0,2,1,1,0,0,1,0,0,0,1,0,0,0,0,0
329,329,4,2,3,2,3,3,2,2,2,4,1,3,1,0,0,0,0,0,0,1,0,0,0,0
330,330,5,3,3,2,4,4,2,2,2,5,2,2,1,0,0,0,0,0,0,0,1,0,0,0
331,331,5,4,2,3,4,3,2,2,2,4,2,2,0,0,1,0,0,1,0,0,0,0,0,0
332,332,5,4,4,3,4,4,2,2,2,5,2,3,0,1,0,0,0,0,0,1,0,0,0,0
333,333,5,4,4,4,4,4,2,2,2,5,3,3,1,0,0,0,1,0,0,0,0,0,0,0
334,334,3,4,4,2,2,4,2,2,2,5,2,3,0,1,0,0,0,0,0,1,0,0,0,0
335,335,3,3,0,1,1,1,1,1,3,4,1,1,1,0,0,0,0,0,0,1,0,0,0,0
336,336,4,2,3,2,1,2,2,2,2,2,2,1,0,1,0,0,0,1,0,0,0,0,0,0
337,337,4,3,2,2,3,3,2,2,2,4,2,2,0,1,0,0,0,1,0,0,0,0,0,0
338,338,4,2,0,0,2,0,2,2,1,4,0,0,0,1,0,0,0,0,0,1,0,0,0,0
339,339,5,4,3,4,4,4,2,1,3,2,0,3,0,1,0,0,0,0,0,1,0,0,0,0
340,340,5,4,4,1,1,4,2,2,3,1,2,3,0,1,0,0,0,0,0,1,0,0,0,0
341,341,5,4,3,4,4,3,2,2,2,4,3,0,1,0,0,0,0,0,0,1,0,0,0,0
342,342,4,3,2,3,3,4,2,2,3,5,1,3,0,1,0,0,1,0,0,0,0,0,0,0
343,343,4,3,2,3,2,3,2,2,2,5,1,1,1,0,0,0,1,0,0,0,0,0,0,0
344,344,5,4,4,4,4,4,2,2,2,2,1,3,1,0,0,0,1,0,0,0,0,0,0,0
345,345,3,3,3,2,2,3,2,1,0,4,2,1,0,1,0,0,0,0,0,0,0,1,0,0
346,346,5,4,4,3,4,4,2,2,3,5,2,3,0,1,0,0,0,0,0,1,0,0,0,0
347,347,4,2,2,2,2,3,0,2,2,3,1,1,1,0,0,0,0,0,0,1,0,0,0,0
348,348,4,2,2,2,1,3,2,2,2,5,0,2,0,1,0,0,1,0,0,0,0,0,0,0
349,349,2,2,4,3,4,4,2,2,2,4,1,2,0,1,0,0,0,0,0,0,0,1,0,0
350,350,1,1,2,2,4,1,1,2,2,2,1,2,0,1,0,0,0,0,1,0,0,0,0,0
351,351,5,4,4,4,4,4,2,2,3,4,3,3,0,1,0,0,0,0,0,1,0,0,0,0
352,352,3,2,3,4,3,2,2,2,2,4,1,2,1,0,0,0,0,0,0,1,0,0,0,0
353,353,2,4,4,3,3,3,1,0,3,3,2,3,1,0,0,0,0,0,0,1,0,0,0,0
354,354,3,3,2,2,3,2,0,0,1,3,0,1,0,1,0,0,1,0,0,0,0,0,0,0
355,355,5,1,4,3,4,4,2,2,2,5,1,3,0,1,0,0,0,0,0,1,0,0,0,0
356,356,5,4,4,4,4,4,2,2,3,5,3,3,1,0,0,0,0,0,0,1,0,0,0,0
357,357,3,3,3,2,0,0,1,2,2,4,1,1,0,0,1,0,0,0,1,0,0,0,0,0
358,358,0,0,0,0,0,0,0,0,0,3,0,0,1,0,0,0,0,0,0,1,0,0,0,0
359,359,4,2,2,1,1,3,0,1,1,4,2,1,0,0,1,0,0,0,0,0,0,1,0,0
360,360,4,3,4,4,3,4,2,2,3,5,0,3,1,0,0,0,0,1,0,0,0,0,0,0
361,361,5,2,4,3,3,1,2,2,1,5,1,3,1,0,0,0,1,0,0,0,0,0,0,0
362,362,3,4,3,4,3,3,2,2,2,4,1,2,1,0,0,0,0,1,0,0,0,0,0,0
363,363,1,1,3,1,1,4,2,2,1,2,0,3,0,1,0,0,1,0,0,0,0,0,0,0
364,364,4,1,4,4,3,3,2,2,0,4,0,3,0,1,0,0,0,0,0,0,1,0,0,0
365,365,4,3,2,3,4,3,1,2,2,3,1,2,0,0,1,0,0,1,0,0,0,0,0,0
366,366,4,0,0,0,0,0,2,2,0,1,1,0,0,1,0,0,1,0,0,0,0,0,0,0
367,367,4,2,3,4,4,3,2,2,2,4,2,2,1,0,0,0,0,1,0,0,0,0,0,0
368,368,3,4,2,3,2,3,2,1,3,4,1,3,0,1,0,0,0,0,0,1,0,0,0,0
369,369,2,1,3,3,0,3,2,2,2,5,1,3,0,1,0,0,0,0,1,0,0,0,0,0
370,370,3,2,2,1,3,2,0,0,1,1,1,1,1,0,0,0,0,0,0,0,0,1,0,0
371,371,5,3,3,4,3,3,2,2,3,2,1,2,0,1,0,0,0,0,0,0,0,1,0,0
372,372,4,2,3,4,3,2,2,2,1,5,1,1,0,1,0,0,0,0,0,0,1,0,0,0
373,373,0,1,4,3,0,4,2,2,1,4,1,3,0,1,0,0,0,0,0,0,1,0,0,0
374,374,1,3,2,3,4,2,2,1,3,5,2,3,1,0,0,0,0,1,0,0,0,0,0,0
375,375,4,4,4,4,3,4,2,2,0,4,2,3,1,0,0,0,0,0,0,1,0,0,0,0
376,376,5,4,3,4,3,3,2,2,2,4,2,3,0,1,0,0,0,1,0,0,0,0,0,0
377,377,5,3,1,2,2,3,2,2,2,4,1,3,1,0,0,0,0,1,0,0,0,0,0,0
378,378,1,1,2,0,1,0,0,0,1,1,0,1,0,0,1,0,0,1,0,0,0,0,0,0
379,379,0,1,1,1,1,1,1,1,2,3,0,2,0,0,1,0,0,0,0,1,0,0,0,0
380,380,3,3,1,1,1,1,1,1,2,3,2,1,0,0,1,0,0,0,0,1,0,0,0,0
381,381,5,4,3,3,4,4,2,2,3,3,2,3,0,1,0,0,0,1,0,0,0,0,0,0
382,382,5,1,4,4,4,4,2,2,2,5,2,2,1,0,0,0,0,0,0,0,1,0,0,0
383,383,2,4,2,2,3,0,2,1,3,1,1,1,0,1,0,0,0,1,0,0,0,0,0,0
384,384,2,3,2,1,2,1,1,1,1,3,1,2,1,0,0,0,0,1,0,0,0,0,0,0
385,385,2,1,3,1,1,2,2,0,0,1,0,3,0,1,0,0,0,0,0,0,1,0,0,0
386,386,5,4,4,4,4,4,2,2,3,5,3,3,0,1,0,0,0,1,0,0,0,0,0,0
387,387,5,2,1,0,3,4,1,0,2,4,1,2,1,0,0,0,0,1,0,0,0,0,0,0
388,388,0,1,2,2,2,2,1,1,0,3,1,2,0,0,1,0,0,0,0,0,1,0,0,0
389,389,3,3,3,3,4,3,1,1,2,4,1,2,0,1,0,0,0,0,0,1,0,0,0,0
390,390,2,4,3,1,2,3,1,1,1,2,0,1,0,1,0,0,0,0,0,1,0,0,0,0
391,391,5,4,3,4,2,4,2,2,3,5,1,3,1,0,0,0,0,0,0,1,0,0,0,0
392,392,2,1,3,1,1,1,1,1,1,2,1,1,0,0,0,1,0,0,0,1,0,0,0,0
393,393,3,1,1,2,1,2,1,1,1,3,1,1,0,0,1,0,0,0,0,0,0,0,0,1
394,394,3,1,2,1,3,2,1,2,1,2,3,2,1,0,0,0,0,1,0,0,0,0,0,0
395,395,5,1,0,2,3,3,2,2,1,5,1,2,0,1,0,0,0,0,0,0,0,1,0,0
396,396,2,3,3,3,3,2,2,0,2,3,1,2,0,1,0,0,0,1,0,0,0,0,0,0
397,397,1,1,0,3,2,2,1,1,1,3,0,1,0,0,1,0,0,0,0,1,0,0,0,0
398,398,5,3,4,3,3,2,2,1,2,3,2,2,1,0,0,0,0,1,0,0,0,0,0,0
399,399,3,1,3,3,3,3,2,0,2,4,2,3,0,1,0,0,0,0,0,1,0,0,0,0
400,400,5,2,4,4,4,4,2,2,2,5,1,3,0,1,0,0,0,0,0,1,0,0,0,0
401,401,3,1,4,4,3,4,2,2,1,5,0,3,0,1,0,0,0,0,0,0,0,1,0,0
402,402,0,1,0,3,3,0,2,2,0,0,0,2,1,0,0,0,0,0,0,1,0,0,0,0
403,403,5,3,4,4,4,4,2,2,2,5,2,3,1,0,0,0,0,0,0,1,0,0,0,0
404,404,5,3,4,0,2,0,1,1,3,4,1,1,1,0,0,0,0,0,0,0,1,0,0,0
405,405,0,0,0,0,0,0,0,0,0,0,0,0,0,0,0,1,0,0,0,1,0,0,0,0
406,406,0,2,0,0,0,0,0,0,0,2,1,0,0,0,0,1,0,0,0,0,0,0,1,0
407,407,3,2,3,1,3,4,1,1,1,1,0,1,1,0,0,0,0,0,0,0,0,1,0,0
408,408,3,2,2,1,1,1,1,1,1,4,0,1,1,0,0,0,0,0,0,0,1,0,0,0
409,409,4,1,4,3,3,4,2,2,1,4,0,3,0,1,0,0,0,0,0,0,1,0,0,0
410,410,3,1,4,0,0,4,2,2,1,3,0,3,0,1,0,0,1,0,0,0,0,0,0,0
411,411,5,4,4,4,4,4,2,2,3,5,3,3,0,1,0,0,0,0,0,0,1,0,0,0
412,412,3,2,3,3,4,1,0,1,2,2,1,2,0,1,0,0,0,0,0,0,1,0,0,0
413,413,5,1,1,4,1,4,2,2,1,3,1,3,1,0,0,0,0,0,1,0,0,0,0,0
414,414,3,1,3,3,3,3,2,2,1,3,0,3,0,1,0,0,0,0,0,0,1,0,0,0
415,415,5,4,4,3,4,4,2,2,3,4,1,3,0,1,0,0,0,0,0,1,0,0,0,0
416,416,3,1,0,2,3,3,1,1,2,4,0,1,1,0,0,0,0,0,0,1,0,0,0,0
417,417,0,2,4,1,1,3,0,2,2,0,2,3,0,1,0,0,0,0,0,0,0,0,1,0
418,418,1,1,2,2,2,2,2,1,1,2,3,1,0,1,0,0,0,0,0,0,0,1,0,0
419,419,5,3,3,4,4,3,2,2,2,5,0,2,1,0,0,0,0,0,0,1,0,0,0,0
420,420,2,1,0,1,1,0,2,2,1,2,0,3,1,0,0,0,1,0,0,0,0,0,0,0
421,421,3,1,1,0,2,0,1,1,3,2,1,1,0,0,1,0,0,0,0,1,0,0,0,0
422,422,3,2,0,2,0,0,0,2,0,3,0,0,0,0,0,1,1,0,0,0,0,0,0,0
423,423,0,1,0,1,2,3,0,2,2,0,1,2,0,1,0,0,0,0,1,0,0,0,0,0
424,424,5,1,4,4,4,4,2,2,1,4,0,3,1,0,0,0,0,0,0,0,0,0,1,0
425,425,4,1,2,2,3,3,2,2,2,4,1,2,0,1,0,0,0,1,0,0,0,0,0,0
426,426,4,1,3,2,2,3,2,2,1,4,2,3,0,1,0,0,0,0,0,0,1,0,0,0
427,427,4,1,0,0,0,0,0,0,2,5,0,2,0,0,1,0,0,1,0,0,0,0,0,0
428,428,5,2,2,2,2,3,1,1,2,5,1,1,0,0,1,0,0,0,0,0,1,0,0,0
429,429,4,3,3,0,3,3,2,2,2,5,2,1,1,0,0,0,0,1,0,0,0,0,0,0
430,430,5,1,2,2,2,4,2,2,2,5,1,3,1,0,0,0,0,0,0,1,0,0,0,0
431,431,2,1,4,3,3,3,2,2,1,4,0,3,0,1,0,0,0,0,0,0,0,0,0,1
432,432,4,0,0,0,2,3,1,1,1,3,1,0,1,0,0,0,0,0,0,0,1,0,0,0
433,433,4,2,3,3,3,3,2,2,2,3,1,2,0,1,0,0,1,0,0,0,0,0,0,0
434,434,4,3,3,3,1,3,2,2,2,5,0,1,0,1,0,0,0,0,0,0,1,0,0,0
435,435,5,2,3,3,3,3,1,1,2,5,0,0,1,0,0,0,0,0,0,0,1,0,0,0
436,436,5,2,1,1,1,1,1,1,2,5,0,1,0,0,0,1,0,0,0,0,1,0,0,0
437,437,5,4,0,2,1,2,2,2,2,4,3,3,0,1,0,0,0,1,0,0,0,0,0,0
438,438,3,1,3,4,1,0,1,1,0,4,0,1,0,0,0,1,0,1,0,0,0,0,0,0
439,439,3,1,4,3,3,0,0,0,2,3,2,0,0,1,0,0,0,0,0,1,0,0,0,0
440,440,3,1,0,0,0,3,2,1,1,4,0,1,0,0,1,0,0,0,0,0,1,0,0,0
441,441,4,1,3,3,3,3,0,2,1,4,0,3,0,1,0,0,0,0,0,0,1,0,0,0
442,442,4,2,3,3,3,3,2,2,3,4,0,2,1,0,0,0,0,0,0,0,0,0,1,0
443,443,3,2,3,3,3,3,0,0,2,3,1,2,0,0,1,0,0,0,0,1,0,0,0,0
444,444,3,1,0,0,3,3,0,1,2,4,1,1,1,0,0,0,0,0,0,0,1,0,0,0
445,445,2,3,4,1,2,3,2,1,3,5,2,3,1,0,0,0,0,0,0,1,0,0,0,0
446,446,4,2,2,1,1,2,0,2,0,0,1,2,1,0,0,0,0,0,0,1,0,0,0,0
447,447,3,2,4,4,1,4,2,2,1,5,0,3,1,0,0,0,0,0,0,0,1,0,0,0
448,448,2,2,1,3,1,3,0,1,1,2,0,2,0,1,0,0,0,0,0,0,0,1,0,0
449,449,3,3,1,2,2,3,2,1,0,5,2,1,1,0,0,0,0,0,0,1,0,0,0,0
450,450,3,3,1,2,2,3,0,1,1,3,0,1,0,1,0,0,0,0,0,1,0,0,0,0
451,451,1,2,3,2,1,2,0,1,2,4,0,1,0,1,0,0,0,1,0,0,0,0,0,0
452,452,3,2,3,2,3,2,1,1,3,4,1,1,0,0,1,0,0,0,0,1,0,0,0,0
453,453,0,4,3,2,2,2,2,1,2,5,0,2,1,0,0,0,0,1,0,0,0,0,0,0
454,454,5,4,4,4,4,4,2,2,3,1,0,3,1,0,0,0,0,0,0,1,0,0,0,0
455,455,5,3,1,2,1,1,1,2,2,4,1,1,0,1,0,0,0,0,0,1,0,0,0,0
456,456,2,2,2,2,2,2,1,1,1,4,0,1,0,0,1,0,0,1,0,0,0,0,0,0
457,457,3,2,0,0,0,0,0,0,0,3,1,0,0,1,0,0,0,0,0,1,0,0,0,0
458,458,4,4,0,0,0,0,0,0,2,3,2,1,0,0,1,0,0,0,0,1,0,0,0,0
459,459,5,4,4,4,4,4,2,1,3,5,1,3,1,0,0,0,0,0,0,1,0,0,0,0
460,460,1,0,1,1,1,0,1,1,3,1,2,1,0,0,0,1,0,0,0,1,0,0,0,0
461,461,4,1,3,2,3,2,1,2,2,4,0,3,1,0,0,0,0,0,0,0,0,1,0,0
462,462,2,4,3,3,3,3,1,1,2,5,0,3,1,0,0,0,0,0,0,0,0,0,0,1
463,463,3,2,0,1,1,1,1,1,0,4,1,1,1,0,0,0,0,0,0,1,0,0,0,0
464,464,4,3,3,4,2,2,2,1,2,5,2,2,0,0,1,0,0,1,0,0,0,0,0,0
465,465,5,4,4,4,4,4,2,2,0,0,3,3,0,1,0,0,0,0,0,0,1,0,0,0
466,466,3,0,0,0,0,0,0,0,0,0,1,0,1,0,0,0,1,0,0,0,0,0,0,0
467,467,3,3,2,3,2,3,0,1,2,5,2,2,0,0,1,0,0,0,0,1,0,0,0,0
468,468,1,2,4,3,3,4,0,2,2,5,0,2,1,0,0,0,1,0,0,0,0,0,0,0
469,469,5,1,3,4,0,4,2,2,1,4,0,2,0,1,0,0,0,0,0,1,0,0,0,0
470,470,2,2,1,1,1,1,2,1,3,5,0,1,1,0,0,0,0,0,0,0,1,0,0,0
471,471,2,1,1,2,2,2,1,1,3,1,1,1,1,0,0,0,0,0,0,0,0,0,0,1
472,472,4,4,4,3,4,4,2,2,3,5,2,3,1,0,0,0,0,0,0,1,0,0,0,0
473,473,5,3,2,2,4,3,2,2,3,5,1,2,0,1,0,0,0,0,0,1,0,0,0,0
474,474,5,4,1,1,3,3,2,2,3,4,1,3,0,1,0,0,0,1,0,0,0,0,0,0
475,475,3,1,1,1,1,3,1,1,3,3,1,1,0,0,1,0,0,0,0,0,1,0,0,0
476,476,5,4,4,4,4,4,2,2,3,5,2,3,1,0,0,0,0,0,0,1,0,0,0,0
477,477,2,1,0,0,0,0,2,0,1,2,0,2,0,1,0,0,0,0,1,0,0,0,0,0
478,478,4,1,2,2,1,2,2,1,1,5,0,1,1,0,0,0,0,0,0,1,0,0,0,0
479,479,3,1,3,2,3,2,2,1,2,2,0,1,0,1,0,0,0,0,0,0,0,1,0,0
480,480,4,3,1,2,2,3,1,1,2,3,2,1,1,0,0,0,0,0,0,0,0,1,0,0
481,481,3,2,3,0,2,2,0,0,2,1,0,1,1,0,0,0,0,0,0,0,0,1,0,0
482,482,4,3,4,3,4,4,2,2,2,5,1,3,0,1,0,0,0,0,0,1,0,0,0,0
483,483,5,3,3,4,3,4,2,2,3,3,3,1,0,1,0,0,0,0,0,1,0,0,0,0
484,484,5,1,4,4,4,4,2,2,1,5,1,3,0,1,0,0,0,0,0,0,1,0,0,0
485,485,3,2,3,4,2,3,2,2,2,3,1,2,0,1,0,0,0,0,0,1,0,0,0,0
486,486,1,1,4,3,3,3,2,2,1,4,0,2,0,1,0,0,0,0,0,1,0,0,0,0
487,487,4,1,4,2,3,2,2,1,1,5,1,2,1,0,0,0,0,0,0,1,0,0,0,0
488,488,5,4,2,3,4,2,2,2,3,1,1,3,1,0,0,0,0,0,0,1,0,0,0,0
489,489,5,3,4,2,2,4,2,2,3,1,1,2,0,1,0,0,0,1,0,0,0,0,0,0
490,490,4,2,0,3,3,0,2,2,2,5,1,3,0,1,0,0,0,0,1,0,0,0,0,0
491,491,3,2,2,3,2,0,1,0,2,1,0,1,1,0,0,0,0,0,0,0,1,0,0,0
492,492,5,4,1,1,1,4,2,2,3,5,1,3,0,1,0,0,1,0,0,0,0,0,0,0
493,493,3,4,4,4,4,4,2,1,1,5,0,3,0,1,0,0,0,0,0,0,1,0,0,0
494,494,4,1,4,4,4,3,2,2,1,5,0,3,0,1,0,0,0,0,0,0,1,0,0,0
495,495,5,1,3,0,1,3,2,2,1,4,1,2,1,0,0,0,0,0,0,0,1,0,0,0
496,496,4,3,1,1,3,3,2,2,2,3,2,2,1,0,0,0,0,0,0,0,1,0,0,0
497,497,3,1,3,3,2,3,1,1,2,3,1,1,1,0,0,0,0,1,0,0,0,0,0,0
498,498,3,2,2,2,2,2,1,1,2,4,0,1,1,0,0,0,0,1,0,0,0,0,0,0
499,499,5,3,3,4,3,4,2,2,0,5,0,2,0,0,1,0,0,0,0,0,1,0,0,0
500,500,3,0,3,3,0,3,2,0,1,4,1,0,0,1,0,0,0,0,0,0,1,0,0,0
501,501,4,2,2,3,3,3,2,2,2,3,1,3,0,1,0,0,0,0,0,1,0,0,0,0
502,502,4,3,3,2,3,4,2,2,3,5,2,3,0,1,0,0,0,0,0,1,0,0,0,0
503,503,3,4,4,0,0,2,2,2,1,2,0,2,1,0,0,0,0,0,0,0,0,0,0,1
504,504,4,4,4,2,1,2,2,1,3,2,1,2,0,0,1,0,0,1,0,0,0,0,0,0
505,505,5,4,4,3,4,4,2,2,3,2,1,2,0,1,0,0,0,1,0,0,0,0,0,0
506,506,4,4,3,3,4,3,2,2,3,1,1,2,0,1,0,0,0,0,0,1,0,0,0,0
507,507,3,2,2,1,1,1,1,0,1,1,1,1,0,0,1,0,0,0,0,0,0,1,0,0
508,508,4,2,2,2,2,2,1,2,2,4,1,1,0,1,0,0,0,1,0,0,0,0,0,0
509,509,1,1,4,1,0,0,2,2,0,5,1,3,0,1,0,0,0,0,0,0,0,1,0,0
510,510,5,3,4,4,4,4,2,2,3,5,2,3,1,0,0,0,0,0,0,0,0,1,0,0
511,511,3,2,0,0,2,0,0,1,2,4,1,1,1,0,0,0,0,0,0,0,1,0,0,0
512,512,3,0,0,0,0,0,0,0,0,1,0,0,0,0,1,0,0,0,1,0,0,0,0,0
513,513,4,2,2,2,3,3,1,2,1,4,2,2,0,0,1,0,0,0,0,0,1,0,0,0
514,514,5,3,4,2,0,4,2,2,3,5,3,1,0,0,1,0,0,0,0,1,0,0,0,0
515,515,4,3,3,4,3,2,2,2,2,4,2,2,1,0,0,0,1,0,0,0,0,0,0,0
516,516,4,3,3,2,3,3,2,2,2,3,1,2,0,0,1,0,0,1,0,0,0,0,0,0
517,517,4,4,3,4,3,3,2,1,2,5,2,3,1,0,0,0,0,0,0,0,1,0,0,0
518,518,5,4,4,4,4,4,2,2,3,5,2,3,1,0,0,0,0,0,0,1,0,0,0,0
519,519,4,1,3,4,3,1,2,2,2,4,1,2,0,1,0,0,0,0,0,1,0,0,0,0
520,520,3,0,2,0,0,0,0,2,0,1,0,3,1,0,0,0,0,0,1,0,0,0,0,0
521,521,3,2,3,2,2,3,2,2,2,3,1,2,1,0,0,0,1,0,0,0,0,0,0,0
522,522,3,1,0,3,2,3,2,0,2,4,0,1,1,0,0,0,1,0,0,0,0,0,0,0
523,523,5,4,1,2,4,4,2,1,3,4,2,1,1,0,0,0,0,0,0,0,0,1,0,0
524,524,3,2,2,2,1,0,1,1,0,4,0,1,0,0,1,0,0,0,0,0,0,1,0,0
525,525,4,2,0,0,0,0,2,2,0,4,0,0,1,0,0,0,0,0,0,0,1,0,0,0
526,526,4,3,2,3,3,4,0,2,2,5,2,3,0,1,0,0,0,1,0,0,0,0,0,0
527,527,5,1,3,3,3,0,2,2,0,5,1,3,0,1,0,0,0,0,0,1,0,0,0,0
528,528,3,1,3,2,2,0,1,1,1,3,1,1,1,0,0,0,0,0,0,1,0,0,0,0
529,529,4,2,3,3,2,3,2,2,2,3,2,2,0,1,0,0,0,1,0,0,0,0,0,0
530,530,3,2,3,3,2,3,2,2,2,3,1,2,0,1,0,0,1,0,0,0,0,0,0,0
531,531,5,4,3,0,3,4,2,2,2,5,3,3,0,1,0,0,0,0,0,0,0,1,0,0
532,532,3,1,2,3,3,3,1,1,2,3,0,2,0,1,0,0,0,0,0,1,0,0,0,0
533,533,4,4,3,3,2,4,1,2,3,2,1,3,1,0,0,0,0,1,0,0,0,0,0,0
534,534,4,2,3,3,3,3,0,0,2,5,1,1,1,0,0,0,0,0,0,0,1,0,0,0
535,535,0,2,1,1,1,1,1,1,0,1,0,1,0,0,1,0,0,0,0,0,1,0,0,0
536,536,3,0,2,2,2,2,0,0,0,0,1,1,0,0,1,0,0,0,1,0,0,0,0,0
537,537,0,3,1,1,1,1,1,1,2,2,0,1,0,0,1,0,0,0,0,0,1,0,0,0
538,538,5,2,2,1,3,3,0,0,2,4,1,1,0,0,1,0,0,0,0,1,0,0,0,0
539,539,5,2,0,3,4,3,2,2,2,5,2,2,1,0,0,0,0,0,0,0,0,1,0,0
540,540,0,2,1,1,1,1,1,1,2,4,1,1,0,0,0,1,0,0,0,0,1,0,0,0
541,541,5,3,3,3,2,2,2,2,2,5,1,2,1,0,0,0,0,1,0,0,0,0,0,0
542,542,4,1,4,4,4,4,2,2,2,4,0,3,0,1,0,0,0,0,0,0,1,0,0,0
543,543,1,1,2,2,2,2,1,1,2,1,1,1,0,0,1,0,0,0,1,0,0,0,0,0
544,544,4,3,4,3,3,4,2,1,2,4,1,2,0,1,0,0,0,0,0,1,0,0,0,0
545,545,2,4,2,2,2,3,1,1,3,2,0,1,1,0,0,0,0,0,0,1,0,0,0,0
546,546,3,1,1,3,2,1,1,1,1,4,1,1,1,0,0,0,0,0,0,1,0,0,0,0
547,547,5,1,4,4,3,1,2,2,1,5,1,3,0,1,0,0,0,0,0,0,1,0,0,0
548,548,3,1,0,2,0,3,1,1,1,4,1,1,1,0,0,0,0,0,0,0,1,0,0,0
549,549,5,2,3,2,3,3,2,2,2,4,0,1,0,1,0,0,0,1,0,0,0,0,0,0
550,550,3,1,0,0,0,0,0,1,0,5,1,1,1,0,0,0,0,0,0,0,1,0,0,0
551,551,5,3,1,2,3,4,2,1,2,1,1,3,0,1,0,0,0,0,0,0,0,1,0,0
552,552,5,3,2,2,3,3,2,2,3,5,2,3,0,1,0,0,0,0,0,0,1,0,0,0
553,553,2,3,2,2,1,2,1,1,3,2,0,2,1,0,0,0,0,1,0,0,0,0,0,0
554,554,3,4,4,4,4,4,0,0,2,4,1,3,0,1,0,0,0,0,1,0,0,0,0,0
555,555,4,4,1,3,3,3,1,1,1,5,1,1,0,0,1,0,0,0,0,0,1,0,0,0
556,556,3,1,3,3,3,3,0,0,1,0,1,3,0,1,0,0,0,0,0,1,0,0,0,0
557,557,5,4,4,4,1,4,2,2,1,5,2,2,1,0,0,0,0,1,0,0,0,0,0,0
558,558,0,1,2,1,2,3,1,1,1,2,0,1,1,0,0,0,0,1,0,0,0,0,0,0
559,559,5,1,3,3,3,3,0,2,2,5,1,3,1,0,0,0,1,0,0,0,0,0,0,0
560,560,3,2,2,0,0,0,1,1,2,0,0,1,0,0,1,0,0,0,0,0,1,0,0,0
561,561,2,3,2,2,2,2,1,1,3,4,2,2,1,0,0,0,0,1,0,0,0,0,0,0
562,562,4,3,3,3,3,3,2,2,2,4,1,2,0,1,0,0,1,0,0,0,0,0,0,0
563,563,5,3,3,4,4,3,2,2,2,5,0,2,0,1,0,0,0,0,0,1,0,0,0,0
564,564,5,0,0,1,1,0,0,0,0,5,1,0,1,0,0,0,1,0,0,0,0,0,0,0
565,565,4,2,3,3,2,2,2,1,1,2,0,1,0,0,1,0,0,0,0,0,1,0,0,0
566,566,3,1,2,2,2,2,1,1,1,3,0,1,0,0,0,1,0,0,0,1,0,0,0,0
567,567,3,0,0,0,0,0,0,0,1,1,1,0,1,0,0,0,0,0,0,1,0,0,0,0
568,568,3,4,1,1,1,1,1,1,2,3,1,1,0,0,1,0,0,0,0,0,1,0,0,0
569,569,5,0,1,2,1,3,1,1,3,2,1,1,0,0,1,0,0,0,0,0,1,0,0,0
570,570,1,1,3,3,2,0,2,2,1,0,0,3,0,1,0,0,0,0,0,1,0,0,0,0
571,571,1,2,2,1,1,1,1,1,0,5,0,1,1,0,0,0,0,0,0,0,1,0,0,0
572,572,3,1,3,0,0,0,0,2,3,0,0,0,1,0,0,0,0,0,1,0,0,0,0,0
573,573,1,2,0,3,2,1,1,2,2,4,2,1,1,0,0,0,0,0,0,1,0,0,0,0
574,574,5,1,3,0,0,4,2,2,1,3,1,3,0,1,0,0,0,0,0,0,1,0,0,0
575,575,3,3,1,1,1,1,1,1,3,3,1,1,0,0,1,0,0,0,0,1,0,0,0,0
576,576,2,1,1,1,2,3,2,1,2,3,1,0,0,1,0,0,0,1,0,0,0,0,0,0
577,577,5,4,4,3,4,3,2,2,3,5,3,2,1,0,0,0,0,0,0,1,0,0,0,0
578,578,4,1,2,2,1,2,1,1,2,5,1,1,0,0,1,0,0,0,0,0,1,0,0,0
579,579,4,2,3,3,3,4,2,2,2,4,1,3,1,0,0,0,1,0,0,0,0,0,0,0
580,580,4,2,3,3,2,3,0,2,1,3,0,2,0,1,0,0,1,0,0,0,0,0,0,0
581,581,1,4,1,1,1,1,1,1,2,1,0,1,0,0,1,0,0,0,0,0,1,0,0,0
582,582,3,3,3,1,2,2,0,0,1,1,1,2,0,0,1,0,0,0,0,0,0,1,0,0
583,583,3,1,0,0,0,0,0,0,2,1,1,0,0,1,0,0,0,1,0,0,0,0,0,0
584,584,5,4,4,4,4,4,2,2,3,4,1,3,1,0,0,0,0,0,0,1,0,0,0,0
585,585,1,1,3,2,2,2,1,1,0,1,1,1,0,1,0,0,0,0,0,0,0,1,0,0
586,586,3,2,2,2,2,2,1,1,2,2,0,1,0,1,0,0,0,0,0,1,0,0,0,0
587,587,1,1,4,1,1,1,0,0,0,1,0,0,1,0,0,0,0,0,1,0,0,0,0,0
588,588,1,1,3,3,3,0,1,1,2,3,0,1,1,0,0,0,0,0,1,0,0,0,0,0
589,589,0,0,0,0,0,0,0,0,0,1,0,0,0,1,0,0,0,0,1,0,0,0,0,0
590,590,2,3,4,0,1,3,2,2,3,1,0,1,0,1,0,0,0,1,0,0,0,0,0,0
591,591,3,1,1,1,1,1,1,1,1,5,2,1,0,0,1,0,0,0,0,1,0,0,0,0
592,592,5,1,4,0,3,4,0,2,1,1,1,2,0,0,1,0,1,0,0,0,0,0,0,0
593,593,5,1,4,4,4,4,2,2,3,5,0,3,0,1,0,0,0,0,0,1,0,0,0,0
594,594,4,1,3,2,3,4,2,2,2,4,1,3,0,0,1,0,0,0,0,0,0,1,0,0
595,595,3,2,2,1,4,2,0,0,0,3,2,1,0,1,0,0,0,0,1,0,0,0,0,0
596,596,4,3,3,2,1,3,0,2,2,5,0,2,0,0,1,0,0,0,0,0,0,1,0,0
597,597,3,1,3,3,3,3,2,2,2,4,0,2,1,0,0,0,0,0,0,1,0,0,0,0
598,598,5,4,4,4,4,4,2,2,3,2,1,3,1,0,0,0,0,0,0,1,0,0,0,0
599,599,3,4,0,0,0,0,0,0,1,5,0,3,1,0,0,0,0,0,0,1,0,0,0,0
600,600,3,1,4,3,3,3,2,0,1,3,1,0,0,0,0,1,0,0,0,1,0,0,0,0
601,601,3,3,3,4,3,3,2,2,2,4,0,2,0,1,0,0,0,1,0,0,0,0,0,0
602,602,4,1,4,3,3,3,2,2,1,4,1,3,0,1,0,0,0,0,0,0,1,0,0,0
603,603,4,3,3,3,3,3,2,2,2,2,1,2,0,0,1,0,0,0,0,1,0,0,0,0
604,604,2,1,1,1,4,1,1,0,1,2,1,1,1,0,0,0,0,0,0,1,0,0,0,0
605,605,2,1,1,2,2,3,1,1,2,4,0,1,0,0,1,0,0,0,0,0,1,0,0,0
606,606,5,4,4,3,4,4,2,2,2,5,1,3,1,0,0,0,0,1,0,0,0,0,0,0
607,607,3,2,2,3,2,3,2,2,2,4,1,2,0,0,1,0,1,0,0,0,0,0,0,0
608,608,5,4,3,4,3,4,2,2,2,5,2,3,1,0,0,0,0,0,0,1,0,0,0,0
609,609,5,4,0,4,2,4,2,2,2,5,2,3,0,1,0,0,0,0,0,0,1,0,0,0
610,610,5,1,0,3,3,3,2,2,0,5,1,3,0,1,0,0,0,0,0,0,1,0,0,0
611,611,5,4,4,3,4,3,2,1,3,4,3,3,0,1,0,0,1,0,0,0,0,0,0,0
612,612,4,2,1,0,1,2,1,1,1,3,2,1,0,0,1,0,0,0,0,0,1,0,0,0
613,613,3,1,3,2,2,0,0,2,1,3,0,0,0,1,0,0,0,0,0,0,0,0,0,1
614,614,2,1,4,4,4,4,2,2,1,5,2,3,0,1,0,0,0,0,0,0,1,0,0,0
615,615,5,3,4,0,0,4,1,1,2,4,0,1,0,0,0,1,0,0,0,0,1,0,0,0
616,616,5,1,3,4,3,0,2,2,2,2,1,2,0,1,0,0,0,0,0,1,0,0,0,0
617,617,5,4,4,3,4,2,2,1,3,5,1,3,1,0,0,0,0,0,0,1,0,0,0,0
618,618,3,2,1,1,3,2,2,2,2,3,1,1,0,1,0,0,0,0,1,0,0,0,0,0
619,619,3,3,3,2,2,3,1,2,3,4,1,1,0,1,0,0,0,0,0,0,1,0,0,0
620,620,5,3,1,1,1,4,1,1,1,4,1,1,0,0,1,0,0,0,0,0,1,0,0,0
621,621,4,2,3,4,4,4,2,2,2,5,1,3,1,0,0,0,0,0,0,1,0,0,0,0
622,622,3,2,3,3,0,3,0,0,2,4,1,0,0,1,0,0,0,0,0,0,1,0,0,0
623,623,4,1,0,0,3,4,2,2,0,4,1,3,1,0,0,0,0,0,0,0,0,1,0,0
624,624,3,1,2,2,2,3,2,2,2,2,0,3,0,1,0,0,0,0,0,1,0,0,0,0
625,625,5,4,3,3,3,3,2,2,3,2,1,2,1,0,0,0,0,0,0,1,0,0,0,0
626,626,5,1,0,4,4,0,2,0,1,3,1,3,0,1,0,0,0,0,0,0,0,0,0,1
627,627,0,0,0,0,0,4,0,0,0,2,1,0,1,0,0,0,1,0,0,0,0,0,0,0
628,628,1,1,3,3,2,3,2,2,1,1,0,2,0,1,0,0,0,1,0,0,0,0,0,0
629,629,3,1,3,0,0,3,1,1,0,4,1,1,0,0,1,0,0,0,0,0,0,0,0,1
630,630,3,1,4,1,1,3,1,1,2,1,0,1,0,1,0,0,0,0,0,0,1,0,0,0
631,631,3,2,0,0,0,0,1,0,0,4,1,0,0,0,0,1,0,0,0,1,0,0,0,0
632,632,4,3,2,1,4,4,0,2,2,3,0,2,0,1,0,0,1,0,0,0,0,0,0,0
633,633,2,1,0,4,3,0,2,0,1,4,0,0,1,0,0,0,0,1,0,0,0,0,0,0
634,634,0,3,4,4,4,4,2,1,2,5,1,1,0,0,1,0,0,0,0,0,1,0,0,0
635,635,4,1,4,4,3,4,2,0,1,5,2,2,1,0,0,0,0,0,1,0,0,0,0,0
636,636,2,1,4,4,3,1,2,1,2,3,0,2,0,1,0,0,0,0,1,0,0,0,0,0
637,637,5,2,4,2,1,4,2,2,3,4,0,3,0,1,0,0,1,0,0,0,0,0,0,0
638,638,3,1,3,4,3,4,2,2,1,4,1,3,0,1,0,0,0,0,0,0,0,1,0,0
639,639,3,2,0,0,0,0,0,0,0,0,0,1,0,0,1,0,0,0,1,0,0,0,0,0
640,640,0,1,4,4,3,2,2,2,1,5,1,3,0,1,0,0,0,0,0,0,1,0,0,0
641,641,3,1,3,2,1,3,2,1,1,5,2,2,0,1,0,0,0,0,0,1,0,0,0,0
642,642,4,1,3,0,2,3,0,1,1,5,0,1,1,0,0,0,0,0,0,1,0,0,0,0
643,643,1,1,4,3,3,3,2,2,2,4,0,2,0,1,0,0,0,0,1,0,0,0,0,0
644,644,4,1,1,1,2,2,1,1,0,3,1,1,0,0,1,0,0,0,0,0,0,0,0,1
645,645,0,0,0,0,0,0,0,0,0,0,1,0,0,1,0,0,0,0,1,0,0,0,0,0
646,646,3,1,3,3,3,3,2,2,0,3,1,2,0,1,0,0,0,0,0,0,1,0,0,0
647,647,3,2,3,3,3,3,2,2,1,4,0,3,1,0,0,0,0,0,0,0,1,0,0,0
648,648,5,2,3,3,3,3,1,0,2,5,0,1,0,0,1,0,0,0,0,0,1,0,0,0
649,649,5,2,3,2,3,3,0,2,0,3,0,2,0,0,1,0,0,0,0,1,0,0,0,0
650,650,0,2,2,2,2,0,0,1,2,3,0,1,1,0,0,0,0,0,0,0,1,0,0,0
651,651,4,1,0,3,2,3,1,1,2,3,1,1,1,0,0,0,0,0,1,0,0,0,0,0
652,652,3,2,1,3,2,3,0,0,1,5,0,1,1,0,0,0,0,0,1,0,0,0,0,0
653,653,3,1,0,0,0,0,2,1,2,3,0,1,1,0,0,0,0,0,0,0,1,0,0,0
654,654,1,1,0,1,1,1,1,1,3,1,0,1,0,0,0,1,0,0,0,0,1,0,0,0
655,655,5,2,3,2,3,2,2,1,2,4,1,1,1,0,0,0,0,0,0,0,1,0,0,0
656,656,5,1,4,0,2,0,2,2,2,4,0,3,0,1,0,0,0,0,0,0,1,0,0,0
657,657,3,0,0,0,0,0,2,2,0,3,1,2,0,1,0,0,0,0,0,1,0,0,0,0
658,658,5,2,3,2,2,1,0,0,0,4,1,1,1,0,0,0,0,0,0,0,0,0,0,1
659,659,3,0,0,0,0,0,0,1,1,0,1,1,0,0,1,0,0,0,0,0,1,0,0,0
660,660,4,2,0,0,0,0,2,2,2,5,1,2,1,0,0,0,0,0,0,1,0,0,0,0
661,661,0,2,3,3,2,3,0,0,1,4,1,1,1,0,0,0,0,0,0,0,1,0,0,0
662,662,4,3,2,0,3,2,2,2,1,5,2,2,1,0,0,0,0,0,0,1,0,0,0,0
663,663,3,2,2,3,3,3,1,2,2,3,1,1,0,0,1,0,0,1,0,0,0,0,0,0
664,664,3,1,4,4,1,2,0,2,0,4,0,2,0,1,0,0,1,0,0,0,0,0,0,0
665,665,5,4,3,3,4,3,2,1,0,3,0,3,1,0,0,0,0,0,0,0,1,0,0,0
666,666,4,4,3,1,2,1,1,2,3,5,0,2,0,1,0,0,0,0,0,1,0,0,0,0
667,667,5,4,4,4,4,4,2,2,2,5,3,3,1,0,0,0,0,0,0,1,0,0,0,0
668,668,4,0,0,0,0,0,0,0,0,3,1,0,1,0,0,0,0,0,1,0,0,0,0,0
669,669,3,1,4,3,4,4,2,2,1,5,1,2,1,0,0,0,0,0,0,0,1,0,0,0
670,670,5,3,4,4,4,4,2,2,3,2,0,3,1,0,0,0,0,0,0,1,0,0,0,0
671,671,0,1,3,0,0,0,0,2,0,4,1,0,0,1,0,0,0,0,0,1,0,0,0,0
672,672,5,4,4,4,4,4,2,2,3,2,3,3,1,0,0,0,0,0,0,1,0,0,0,0
673,673,3,1,3,2,1,2,2,2,2,5,1,3,0,1,0,0,0,0,0,0,1,0,0,0
674,674,4,1,3,3,3,4,2,0,1,5,0,3,1,0,0,0,0,0,0,1,0,0,0,0
675,675,4,4,3,3,3,4,2,2,2,4,0,3,1,0,0,0,0,0,0,1,0,0,0,0
676,676,4,3,2,3,3,2,2,1,2,3,1,2,1,0,0,0,0,1,0,0,0,0,0,0
677,677,5,2,3,2,4,4,2,0,2,5,0,2,0,0,1,0,0,0,0,1,0,0,0,0
678,678,5,4,4,4,3,4,2,2,3,4,2,3,1,0,0,0,0,0,0,0,1,0,0,0
679,679,4,4,4,3,4,3,2,2,3,4,2,2,1,0,0,0,1,0,0,0,0,0,0,0
680,680,4,1,4,3,2,3,2,2,2,2,2,2,1,0,0,0,0,0,0,1,0,0,0,0
681,681,0,0,0,0,0,0,0,1,2,0,1,1,0,0,0,1,0,0,0,1,0,0,0,0
682,682,5,3,4,2,2,4,2,2,2,1,1,3,0,1,0,0,0,0,0,1,0,0,0,0
683,683,4,2,2,2,4,4,2,2,1,4,0,3,1,0,0,0,0,0,0,1,0,0,0,0
684,684,2,3,1,3,1,2,2,2,2,5,1,1,0,0,1,0,0,1,0,0,0,0,0,0
685,685,3,1,4,4,3,3,0,1,2,5,1,2,0,0,1,0,1,0,0,0,0,0,0,0
686,686,4,4,4,4,4,4,2,2,3,5,2,3,0,1,0,0,0,0,0,1,0,0,0,0
687,687,1,1,3,1,1,3,1,1,1,2,1,1,1,0,0,0,0,0,0,0,1,0,0,0
688,688,3,1,2,2,2,3,1,1,1,4,1,1,1,0,0,0,0,0,0,0,1,0,0,0
689,689,5,3,3,4,2,4,2,2,3,4,1,3,0,1,0,0,0,1,0,0,0,0,0,0
690,690,5,3,2,2,3,3,2,2,2,5,1,3,0,1,0,0,0,0,0,1,0,0,0,0
691,691,3,2,0,0,2,0,1,1,2,5,2,1,1,0,0,0,0,0,0,0,1,0,0,0
692,692,0,2,3,3,0,3,1,1,2,4,1,0,1,0,0,0,0,0,0,0,1,0,0,0
693,693,4,0,0,0,0,0,0,1,0,4,1,1,0,0,1,0,0,0,0,0,1,0,0,0
694,694,3,3,3,4,3,3,2,2,2,5,1,2,0,1,0,0,0,0,0,0,0,1,0,0
695,695,2,1,3,3,1,4,2,2,2,3,0,2,1,0,0,0,1,0,0,0,0,0,0,0
696,696,2,2,1,3,2,2,0,1,1,4,1,3,0,1,0,0,0,0,0,0,0,0,0,1
697,697,5,3,4,3,3,4,2,2,2,2,3,2,1,0,0,0,1,0,0,0,0,0,0,0
698,698,2,2,3,2,3,3,1,1,2,4,1,1,1,0,0,0,0,0,0,1,0,0,0,0
699,699,5,4,4,4,3,4,2,2,3,4,2,3,0,1,0,0,0,0,0,1,0,0,0,0
700,700,5,2,2,0,3,3,2,1,3,5,2,0,0,0,1,0,0,0,0,0,1,0,0,0
701,701,3,3,4,2,3,1,1,2,1,3,0,1,0,1,0,0,0,0,0,0,1,0,0,0
702,702,4,1,1,0,2,0,2,2,2,4,1,3,0,1,0,0,0,0,0,0,0,1,0,0
703,703,4,3,3,3,4,2,2,2,1,2,1,2,0,0,1,0,0,1,0,0,0,0,0,0
704,704,5,3,3,4,3,3,2,2,2,3,1,3,0,0,1,0,0,1,0,0,0,0,0,0
705,705,5,0,0,2,2,1,0,1,3,3,1,1,0,1,0,0,0,0,0,0,0,1,0,0
706,706,5,4,4,3,2,4,2,2,2,5,3,3,1,0,0,0,0,0,0,0,0,1,0,0
707,707,4,3,4,4,3,4,2,2,2,5,1,3,1,0,0,0,0,0,0,1,0,0,0,0
708,708,2,2,1,4,4,4,1,1,2,1,0,1,0,0,1,0,0,0,1,0,0,0,0,0
709,709,4,1,1,1,3,4,2,2,1,4,0,2,1,0,0,0,0,0,0,0,1,0,0,0
710,710,1,3,1,1,1,1,1,1,3,5,0,1,1,0,0,0,0,0,0,0,1,0,0,0
711,711,5,4,4,3,3,4,2,2,3,2,3,2,1,0,0,0,0,0,0,1,0,0,0,0
712,712,4,1,0,0,0,0,1,1,2,2,0,1,0,0,1,0,0,0,1,0,0,0,0,0
713,713,1,2,3,2,1,1,1,2,3,3,1,2,1,0,0,0,0,0,0,1,0,0,0,0
714,714,2,1,4,2,0,0,2,2,1,5,1,3,0,1,0,0,0,0,0,0,0,1,0,0
715,715,4,1,3,3,2,3,1,0,2,3,1,2,1,0,0,0,0,0,0,1,0,0,0,0
716,716,5,2,4,4,4,1,2,2,1,3,0,2,0,1,0,0,0,0,0,0,0,0,0,1
717,717,5,4,4,4,4,4,2,2,3,5,1,3,1,0,0,0,1,0,0,0,0,0,0,0
718,718,5,3,3,3,4,3,2,0,2,3,2,3,0,1,0,0,0,0,0,1,0,0,0,0
719,719,3,1,3,2,3,3,2,1,1,5,0,1,1,0,0,0,0,0,0,0,0,0,0,1
720,720,3,0,0,0,1,0,1,0,0,1,0,1,0,0,1,0,0,0,1,0,0,0,0,0
721,721,1,2,1,1,1,1,1,1,3,2,0,1,0,0,1,0,0,0,0,0,1,0,0,0
722,722,5,4,4,4,4,4,2,2,2,1,1,3,1,0,0,0,1,0,0,0,0,0,0,0
723,723,5,1,4,4,4,4,2,2,2,4,2,3,0,1,0,0,0,0,0,1,0,0,0,0
724,724,4,1,0,0,0,0,2,0,1,5,1,1,1,0,0,0,0,0,0,0,0,1,0,0
725,725,3,2,2,2,2,3,2,2,2,3,2,1,1,0,0,0,0,0,0,1,0,0,0,0
726,726,5,4,4,4,4,4,2,2,3,2,0,3,1,0,0,0,0,0,0,1,0,0,0,0
727,727,3,3,3,3,2,3,2,2,2,3,2,2,0,1,0,0,0,1,0,0,0,0,0,0
728,728,4,4,2,1,3,4,2,2,2,4,2,3,1,0,0,0,0,0,0,1,0,0,0,0
729,729,4,2,4,4,4,4,2,2,2,4,0,2,0,0,1,0,0,0,0,1,0,0,0,0
730,730,3,3,0,0,0,0,0,0,0,3,1,2,0,0,1,0,0,0,1,0,0,0,0,0
731,731,4,3,1,1,2,2,0,0,3,3,2,1,1,0,0,0,0,0,0,1,0,0,0,0
732,732,5,4,4,4,4,4,2,2,3,1,0,2,1,0,0,0,0,0,0,1,0,0,0,0
733,733,3,2,3,2,1,4,2,2,2,3,1,2,0,1,0,0,0,1,0,0,0,0,0,0
734,734,4,2,1,0,0,1,1,1,2,4,1,1,0,0,1,0,0,0,0,0,1,0,0,0
735,735,2,3,1,1,1,1,1,1,3,5,1,1,0,0,1,0,0,1,0,0,0,0,0,0
736,736,2,1,1,0,2,2,1,1,2,4,3,1,1,0,0,0,0,0,0,1,0,0,0,0
737,737,5,1,4,4,4,4,2,2,3,5,2,3,0,1,0,0,0,0,0,1,0,0,0,0
738,738,5,3,3,4,2,4,2,2,2,3,2,3,0,1,0,0,0,0,0,1,0,0,0,0
739,739,3,1,4,3,1,1,2,2,1,3,1,3,0,1,0,0,0,0,1,0,0,0,0,0
740,740,0,2,1,1,1,1,1,1,2,3,0,1,0,0,1,0,0,0,0,0,1,0,0,0
741,741,5,4,3,2,0,0,2,2,2,5,2,2,1,0,0,0,0,0,0,1,0,0,0,0
742,742,5,4,4,4,4,4,2,2,2,4,3,2,1,0,0,0,0,0,0,1,0,0,0,0
743,743,5,2,3,2,1,1,2,2,2,4,2,1,0,1,0,0,0,0,0,0,0,1,0,0
744,744,3,1,0,3,1,3,0,1,1,5,1,1,1,0,0,0,0,0,0,1,0,0,0,0
745,745,1,2,4,0,1,3,2,0,1,1,0,0,0,1,0,0,0,0,1,0,0,0,0,0
746,746,4,1,3,2,1,3,2,2,1,4,0,3,1,0,0,0,0,0,0,0,1,0,0,0
747,747,4,3,2,1,2,3,0,2,2,2,3,2,0,1,0,0,0,0,0,1,0,0,0,0
748,748,2,1,0,3,0,0,2,2,1,3,1,3,0,1,0,0,0,0,0,1,0,0,0,0
749,749,5,1,3,4,4,4,1,1,0,3,1,2,1,0,0,0,0,0,0,1,0,0,0,0
750,750,5,4,3,3,4,4,1,2,3,2,1,3,1,0,0,0,0,0,0,1,0,0,0,0
751,751,5,4,4,4,4,4,2,2,2,5,2,3,0,1,0,0,0,0,0,0,0,1,0,0
752,752,1,1,4,4,4,1,2,2,2,2,1,3,0,1,0,0,0,0,0,1,0,0,0,0
753,753,4,1,4,4,3,3,2,2,1,5,1,3,0,1,0,0,0,0,0,1,0,0,0,0
754,754,4,1,3,3,1,3,2,2,1,5,1,3,0,1,0,0,0,0,0,0,1,0,0,0
755,755,5,4,3,4,3,3,2,2,1,4,0,3,1,0,0,0,0,0,0,0,1,0,0,0
756,756,1,2,2,3,2,3,0,1,0,2,1,1,0,1,0,0,0,1,0,0,0,0,0,0
757,757,3,2,0,2,2,3,0,0,2,3,1,0,1,0,0,0,0,0,0,1,0,0,0,0
758,758,4,2,2,3,2,2,2,1,2,4,1,2,0,1,0,0,0,0,0,1,0,0,0,0
759,759,5,3,4,2,2,4,2,2,3,5,1,3,1,0,0,0,0,1,0,0,0,0,0,0
760,760,2,2,2,0,0,0,1,1,2,4,0,1,1,0,0,0,0,0,0,1,0,0,0,0
761,761,3,3,3,2,2,4,1,2,2,4,0,2,1,0,0,0,0,1,0,0,0,0,0,0
762,762,5,3,3,3,4,3,2,2,2,2,2,2,1,0,0,0,0,1,0,0,0,0,0,0
763,763,5,3,4,4,3,4,2,2,2,4,2,3,0,1,0,0,0,0,0,1,0,0,0,0
764,764,5,3,3,3,3,3,2,2,3,5,2,2,0,1,0,0,1,0,0,0,0,0,0,0
765,765,3,3,4,3,2,4,2,2,3,3,1,3,1,0,0,0,1,0,0,0,0,0,0,0
766,766,4,1,0,2,0,0,2,2,1,3,0,3,0,0,1,0,0,0,1,0,0,0,0,0
767,767,4,4,4,3,4,3,2,1,2,3,0,3,0,1,0,0,0,0,0,0,0,1,0,0
768,768,3,3,1,4,1,1,0,0,3,5,1,1,0,0,1,0,0,0,0,0,0,1,0,0
769,769,2,2,0,1,2,3,1,1,0,3,2,0,0,0,1,0,0,0,0,0,1,0,0,0
770,770,3,1,4,2,3,3,2,2,0,3,2,3,0,1,0,0,0,0,0,1,0,0,0,0
771,771,4,3,3,3,4,3,2,2,2,4,1,3,0,1,0,0,0,0,0,1,0,0,0,0
772,772,5,3,3,2,3,3,2,2,2,5,1,1,0,1,0,0,0,1,0,0,0,0,0,0
773,773,1,2,3,2,3,4,0,0,2,3,0,1,1,0,0,0,0,0,0,0,0,1,0,0
774,774,4,4,4,3,2,3,2,1,3,4,2,3,1,0,0,0,0,0,0,1,0,0,0,0
775,775,5,3,4,4,4,4,2,0,2,5,1,3,1,0,0,0,0,0,0,1,0,0,0,0
776,776,5,4,4,4,4,4,2,2,3,2,0,3,1,0,0,0,0,0,0,1,0,0,0,0
777,777,1,2,0,0,2,0,1,1,3,3,1,1,0,0,1,0,0,0,0,1,0,0,0,0
778,778,4,1,2,3,2,3,1,2,1,4,0,2,0,1,0,0,0,0,0,0,1,0,0,0
779,779,4,3,1,0,2,2,1,1,2,3,1,1,0,0,1,0,0,0,0,1,0,0,0,0
780,780,1,1,3,1,3,1,1,1,1,1,1,3,0,0,1,0,0,0,0,1,0,0,0,0
781,781,5,4,4,3,4,4,2,2,2,3,3,3,1,0,0,0,0,0,0,1,0,0,0,0
782,782,4,1,0,3,3,4,2,2,1,3,0,2,1,0,0,0,0,0,1,0,0,0,0,0
783,783,4,1,3,3,3,3,1,1,2,3,0,2,0,1,0,0,0,0,0,1,0,0,0,0
784,784,5,3,1,1,2,4,2,2,3,4,3,3,1,0,0,0,0,0,0,0,0,1,0,0
785,785,5,4,2,3,4,1,2,0,3,5,3,2,0,1,0,0,0,1,0,0,0,0,0,0
786,786,2,2,2,3,2,4,2,2,2,5,1,2,0,0,1,0,0,0,0,0,0,1,0,0
787,787,4,3,3,4,3,3,2,2,2,4,1,2,0,1,0,0,0,1,0,0,0,0,0,0
788,788,1,3,4,3,3,2,1,1,0,2,0,1,1,0,0,0,0,0,1,0,0,0,0,0
789,789,0,3,3,2,3,3,1,1,2,3,2,2,1,0,0,0,0,1,0,0,0,0,0,0
790,790,5,4,4,4,4,4,2,2,3,5,1,3,1,0,0,0,0,0,0,1,0,0,0,0
791,791,1,3,4,3,3,3,1,0,2,4,2,1,1,0,0,0,0,0,0,1,0,0,0,0
792,792,2,2,4,2,4,2,2,1,1,4,2,3,0,1,0,0,0,1,0,0,0,0,0,0
793,793,4,2,3,2,3,2,1,1,2,5,1,2,1,0,0,0,0,0,1,0,0,0,0,0
794,794,5,4,3,2,2,3,2,1,2,2,1,3,1,0,0,0,0,0,0,1,0,0,0,0
795,795,5,4,4,4,4,4,2,2,2,4,2,3,1,0,0,0,0,0,0,1,0,0,0,0
796,796,4,2,3,4,2,3,2,2,2,5,1,2,1,0,0,0,0,0,0,1,0,0,0,0
797,797,4,2,4,2,2,3,2,2,2,3,1,2,0,1,0,0,0,1,0,0,0,0,0,0
798,798,3,1,4,4,4,4,2,2,2,1,0,3,1,0,0,0,0,0,0,1,0,0,0,0
799,799,4,3,4,2,4,3,2,2,1,4,1,1,0,1,0,0,0,0,0,1,0,0,0,0
800,800,4,3,3,3,2,3,1,2,2,1,1,2,0,1,0,0,0,1,0,0,0,0,0,0
801,801,5,1,4,3,3,3,2,2,1,4,0,2,1,0,0,0,1,0,0,0,0,0,0,0
802,802,3,0,2,2,2,2,0,0,0,4,0,0,0,1,0,0,1,0,0,0,0,0,0,0
803,803,5,1,4,4,4,4,2,2,1,5,0,3,0,1,0,0,0,0,1,0,0,0,0,0
804,804,4,1,3,3,3,3,1,0,0,5,1,0,1,0,0,0,0,0,0,0,1,0,0,0
805,805,0,0,0,0,0,0,0,0,0,1,0,0,0,0,1,0,0,0,1,0,0,0,0,0
806,806,5,2,4,4,3,4,2,2,1,5,0,3,0,1,0,0,0,0,0,0,1,0,0,0
807,807,4,0,4,3,3,4,2,1,1,4,1,3,0,1,0,0,0,0,1,0,0,0,0,0
808,808,4,1,3,3,3,2,1,2,2,2,1,2,1,0,0,0,0,0,0,1,0,0,0,0
809,809,5,4,4,4,4,4,2,2,3,4,3,3,0,0,1,0,0,0,0,1,0,0,0,0
810,810,4,3,2,3,2,3,2,2,2,4,1,3,0,1,0,0,0,0,0,1,0,0,0,0
811,811,5,4,4,4,4,4,2,2,3,5,2,3,1,0,0,0,0,0,0,1,0,0,0,0
812,812,5,4,2,2,2,3,2,2,3,5,2,3,0,1,0,0,0,1,0,0,0,0,0,0
813,813,3,1,4,4,4,4,2,2,2,4,1,3,1,0,0,0,1,0,0,0,0,0,0,0
814,814,4,1,3,4,3,4,2,2,2,5,0,3,1,0,0,0,0,0,0,0,1,0,0,0
815,815,4,4,3,1,1,4,2,2,3,5,2,2,0,1,0,0,0,0,0,1,0,0,0,0
816,816,5,2,1,1,1,1,1,1,3,3,0,1,0,0,1,0,0,0,0,0,1,0,0,0
817,817,4,3,3,3,4,4,2,2,1,4,1,2,0,1,0,0,0,1,0,0,0,0,0,0
818,818,5,1,4,2,3,1,2,2,1,4,0,3,0,1,0,0,0,0,0,0,1,0,0,0
819,819,2,2,2,1,2,2,1,1,2,2,1,1,0,0,1,0,0,0,1,0,0,0,0,0
820,820,5,4,3,2,4,3,2,2,2,5,3,3,1,0,0,0,0,1,0,0,0,0,0,0
821,821,3,1,3,3,2,3,2,2,1,3,0,2,0,1,0,0,1,0,0,0,0,0,0,0
822,822,4,3,1,2,2,3,2,2,2,2,1,2,0,1,0,0,0,0,0,1,0,0,0,0
823,823,5,1,4,4,4,4,2,2,1,5,2,3,1,0,0,0,0,0,0,1,0,0,0,0
824,824,5,3,3,4,3,4,1,2,2,4,1,2,0,1,0,0,0,1,0,0,0,0,0,0
825,825,5,3,4,4,2,4,2,1,1,5,3,2,0,1,0,0,0,0,0,1,0,0,0,0
826,826,2,2,3,2,2,3,1,1,2,4,1,2,0,1,0,0,0,1,0,0,0,0,0,0
827,827,4,3,1,3,0,3,1,0,2,4,0,0,0,1,0,0,0,1,0,0,0,0,0,0
828,828,0,4,4,4,2,1,2,0,3,4,0,3,1,0,0,0,0,0,0,1,0,0,0,0
829,829,1,4,4,4,4,4,2,2,3,5,3,3,0,0,1,0,0,0,0,0,0,1,0,0
830,830,5,4,4,3,3,3,2,1,3,2,2,3,0,1,0,0,0,1,0,0,0,0,0,0
831,831,3,1,3,3,3,3,2,2,2,4,1,2,0,1,0,0,1,0,0,0,0,0,0,0
832,832,3,2,0,0,0,0,0,0,0,0,1,1,0,0,1,0,0,0,1,0,0,0,0,0
833,833,5,4,3,4,4,4,2,2,3,4,0,3,1,0,0,0,0,0,0,1,0,0,0,0
834,834,4,2,2,2,1,3,1,1,2,3,1,1,0,0,1,0,0,1,0,0,0,0,0,0
835,835,5,3,3,4,4,4,2,2,2,5,1,2,0,1,0,0,0,1,0,0,0,0,0,0
836,836,4,4,3,4,3,4,2,2,3,1,2,2,0,1,0,0,0,0,0,1,0,0,0,0
837,837,3,2,2,2,2,2,1,1,1,3,2,1,0,0,1,0,1,0,0,0,0,0,0,0
838,838,5,4,4,4,4,3,2,2,3,5,2,3,1,0,0,0,0,0,0,1,0,0,0,0
839,839,5,4,4,3,2,4,2,2,2,5,2,3,0,1,0,0,0,1,0,0,0,0,0,0
840,840,4,1,3,3,3,3,2,2,1,5,2,3,0,1,0,0,0,0,0,1,0,0,0,0
841,841,2,4,4,4,4,3,2,2,3,2,1,3,0,1,0,0,0,0,0,0,1,0,0,0
842,842,3,3,4,0,2,2,0,1,2,2,0,3,1,0,0,0,0,1,0,0,0,0,0,0
843,843,4,1,3,4,3,4,2,2,1,4,0,3,1,0,0,0,0,0,0,1,0,0,0,0
844,844,5,2,0,1,2,3,1,1,0,2,1,3,0,1,0,0,1,0,0,0,0,0,0,0
845,845,5,4,4,4,4,4,2,2,2,5,1,3,1,0,0,0,0,1,0,0,0,0,0,0
846,846,3,1,4,0,2,0,2,2,0,5,0,2,1,0,0,0,0,0,0,0,1,0,0,0
847,847,5,3,4,2,4,3,2,2,2,5,1,2,1,0,0,0,0,1,0,0,0,0,0,0
848,848,3,1,0,3,1,3,2,1,1,0,1,1,1,0,0,0,0,0,0,0,1,0,0,0
849,849,5,4,4,4,4,4,2,2,3,5,2,3,0,1,0,0,0,0,0,0,0,1,0,0
850,850,4,3,3,2,2,3,2,2,2,3,2,2,1,0,0,0,1,0,0,0,0,0,0,0
851,851,3,1,0,0,0,0,0,0,1,4,0,0,0,1,0,0,0,0,0,0,0,1,0,0
852,852,3,0,0,0,0,0,0,0,0,0,0,0,0,0,1,0,0,0,1,0,0,0,0,0
853,853,5,4,4,3,4,3,2,2,3,5,2,3,1,0,0,0,0,0,0,1,0,0,0,0
854,854,1,3,3,2,2,3,1,1,2,3,1,2,1,0,0,0,0,0,1,0,0,0,0,0
855,855,5,3,4,3,3,3,2,2,2,4,2,2,0,0,1,0,0,0,0,1,0,0,0,0
856,856,4,3,3,3,3,4,2,2,2,4,1,1,0,1,0,0,0,1,0,0,0,0,0,0
857,857,4,4,4,4,3,3,2,2,3,4,3,3,1,0,0,0,0,1,0,0,0,0,0,0
858,858,5,4,1,1,3,2,2,2,3,2,1,3,0,1,0,0,0,0,0,1,0,0,0,0
859,859,3,2,2,0,3,4,1,1,2,1,0,1,0,1,0,0,0,0,0,0,0,0,0,1
860,860,2,1,4,2,2,3,1,1,2,4,1,1,0,0,1,0,0,0,0,1,0,0,0,0
861,861,5,2,2,0,1,2,2,2,3,3,1,3,0,1,0,0,0,0,0,1,0,0,0,0
862,862,4,3,2,2,2,4,2,2,2,5,1,3,1,0,0,0,0,0,0,1,0,0,0,0
863,863,3,3,3,2,3,3,2,2,2,5,1,2,0,1,0,0,0,1,0,0,0,0,0,0
864,864,0,3,1,3,2,4,1,0,3,3,0,1,1,0,0,0,0,0,0,0,0,1,0,0
865,865,0,2,0,3,2,3,1,1,2,3,1,1,0,0,1,0,0,0,0,0,1,0,0,0
866,866,5,4,4,4,4,4,2,2,3,1,0,3,1,0,0,0,0,0,0,1,0,0,0,0
867,867,3,3,3,3,3,3,2,2,1,3,1,3,0,0,0,1,0,0,0,0,0,0,0,1
868,868,2,3,4,2,3,2,2,0,2,3,0,3,0,0,1,0,0,0,0,0,0,1,0,0
869,869,0,4,4,2,3,3,2,1,3,5,0,1,0,1,0,0,0,1,0,0,0,0,0,0
870,870,0,0,0,0,0,0,0,0,0,0,3,0,0,0,1,0,0,0,0,0,0,0,0,1
871,871,5,4,2,2,3,3,2,2,2,5,2,2,0,1,0,0,0,0,0,0,1,0,0,0
872,872,1,3,4,3,3,2,2,2,3,1,1,1,0,1,0,0,0,1,0,0,0,0,0,0
873,873,4,3,3,3,2,3,2,2,2,4,0,2,0,1,0,0,0,0,0,1,0,0,0,0
874,874,5,3,4,4,4,3,2,2,2,5,3,3,1,0,0,0,0,0,0,1,0,0,0,0
875,875,5,4,4,4,4,4,2,2,3,1,3,3,1,0,0,0,0,0,0,1,0,0,0,0
876,876,4,2,4,2,3,3,2,2,1,5,1,3,0,1,0,0,0,0,0,0,1,0,0,0
877,877,5,3,1,3,3,3,2,2,2,4,2,3,0,1,0,0,0,0,0,1,0,0,0,0
878,878,5,3,3,1,1,3,2,2,2,5,1,3,0,1,0,0,1,0,0,0,0,0,0,0
879,879,5,4,4,4,4,4,2,2,3,4,0,3,1,0,0,0,0,0,0,1,0,0,0,0
880,880,4,3,3,3,2,3,2,2,2,2,1,2,1,0,0,0,0,0,0,1,0,0,0,0
881,881,4,1,0,0,3,4,2,2,1,5,1,3,0,1,0,0,0,0,0,0,1,0,0,0
882,882,4,3,3,3,3,3,2,2,2,4,1,2,0,1,0,0,0,0,0,1,0,0,0,0
883,883,5,2,4,3,4,4,2,2,2,2,1,3,1,0,0,0,0,0,0,1,0,0,0,0
884,884,4,4,4,3,1,2,2,1,1,2,1,2,1,0,0,0,0,1,0,0,0,0,0,0
885,885,5,0,3,3,1,1,2,1,2,3,2,3,1,0,0,0,0,0,0,0,0,1,0,0
886,886,1,3,0,4,2,1,2,0,3,2,0,3,1,0,0,0,0,0,0,0,1,0,0,0
887,887,3,4,0,4,4,4,1,2,2,1,0,1,0,0,0,1,0,0,0,0,0,0,1,0
888,888,1,2,0,4,2,4,0,2,2,5,0,1,0,1,0,0,0,0,0,0,0,1,0,0
889,889,5,4,4,4,4,4,2,2,3,4,3,3,0,1,0,0,0,0,0,1,0,0,0,0
890,890,4,4,3,3,2,4,2,1,2,3,2,1,0,1,0,0,0,0,0,0,1,0,0,0
891,891,3,4,3,3,3,3,2,2,2,3,1,3,1,0,0,0,0,1,0,0,0,0,0,0
892,892,3,1,2,3,4,4,1,2,2,3,1,1,1,0,0,0,0,1,0,0,0,0,0,0
893,893,5,4,4,3,3,3,2,2,1,4,1,3,0,1,0,0,0,0,0,0,1,0,0,0
894,894,4,3,2,0,3,2,2,2,2,4,2,2,1,0,0,0,0,1,0,0,0,0,0,0
895,895,4,2,2,3,1,1,2,2,2,2,2,1,1,0,0,0,0,1,0,0,0,0,0,0
896,896,2,0,2,2,3,2,1,0,1,1,0,1,0,1,0,0,0,1,0,0,0,0,0,0
897,897,3,1,2,1,1,1,2,1,3,4,1,1,0,0,1,0,0,0,0,1,0,0,0,0
898,898,1,0,3,1,0,3,1,0,2,3,1,0,0,0,1,0,0,0,0,0,1,0,0,0
899,899,4,2,3,3,2,2,2,2,0,2,0,3,0,1,0,0,0,0,0,1,0,0,0,0
900,900,3,2,3,2,2,2,2,0,2,3,2,1,0,1,0,0,0,0,0,0,0,1,0,0
901,901,1,1,1,1,1,1,2,2,2,1,0,1,0,0,1,0,0,1,0,0,0,0,0,0
902,902,4,3,4,4,3,4,2,2,1,3,1,3,0,1,0,0,0,0,0,1,0,0,0,0
903,903,4,3,3,3,3,3,2,2,1,3,0,2,0,1,0,0,0,0,0,1,0,0,0,0
904,904,2,2,2,2,3,3,1,0,3,2,0,1,0,1,0,0,0,0,0,0,1,0,0,0
905,905,0,1,3,2,3,2,0,1,1,5,1,1,1,0,0,0,0,0,0,0,0,0,0,1
906,906,1,1,2,4,3,1,0,1,1,4,0,1,0,1,0,0,0,0,0,0,0,1,0,0
907,907,5,4,2,3,2,3,2,0,1,5,2,1,1,0,0,0,1,0,0,0,0,0,0,0
908,908,3,1,0,0,0,0,0,2,0,2,0,0,1,0,0,0,0,0,0,0,1,0,0,0
909,909,3,3,3,3,3,3,2,2,2,3,0,2,0,1,0,0,0,0,0,1,0,0,0,0
910,910,4,3,4,3,4,3,2,2,1,1,0,2,1,0,0,0,0,0,1,0,0,0,0,0
911,911,3,2,2,2,2,2,1,0,2,3,1,1,1,0,0,0,0,0,0,1,0,0,0,0
912,912,0,0,0,0,0,0,0,0,0,2,3,0,0,0,1,0,0,0,1,0,0,0,0,0
913,913,5,4,4,4,4,4,2,2,3,0,2,3,1,0,0,0,0,0,0,1,0,0,0,0
914,914,3,1,4,4,4,0,2,2,1,3,0,3,0,1,0,0,0,0,0,0,1,0,0,0
915,915,3,2,3,2,2,3,1,2,2,4,1,2,0,1,0,0,0,0,0,1,0,0,0,0
916,916,5,3,4,3,4,4,2,2,1,5,3,2,0,0,1,0,0,0,0,0,1,0,0,0
917,917,2,3,1,2,2,2,1,2,1,3,0,2,0,1,0,0,0,0,0,1,0,0,0,0
918,918,5,3,4,3,1,1,2,2,3,4,1,2,1,0,0,0,0,0,0,1,0,0,0,0
919,919,5,2,2,3,0,0,2,2,2,4,0,2,0,0,1,0,1,0,0,0,0,0,0,0
920,920,5,1,4,3,3,3,0,2,1,4,0,3,0,1,0,0,1,0,0,0,0,0,0,0
921,921,1,1,0,0,3,0,0,0,0,1,1,0,0,0,0,1,0,0,1,0,0,0,0,0
922,922,1,2,4,3,4,3,2,1,3,4,0,1,1,0,0,0,0,0,0,0,1,0,0,0
923,923,4,2,3,3,0,3,2,2,1,4,0,2,1,0,0,0,0,0,0,0,1,0,0,0
924,924,1,0,4,4,4,4,1,1,1,4,0,1,0,1,0,0,0,1,0,0,0,0,0,0
925,925,5,3,1,2,1,0,2,1,1,4,0,1,1,0,0,0,1,0,0,0,0,0,0,0
926,926,4,2,3,3,3,3,2,2,2,3,0,3,0,1,0,0,1,0,0,0,0,0,0,0
927,927,4,1,4,4,4,4,2,2,1,5,1,3,1,0,0,0,1,0,0,0,0,0,0,0
928,928,4,1,3,3,3,3,2,2,2,3,0,3,0,1,0,0,1,0,0,0,0,0,0,0
929,929,4,1,4,3,3,0,2,2,1,5,1,2,0,1,0,0,0,0,0,0,1,0,0,0
930,930,5,4,3,4,3,3,2,2,2,4,1,3,1,0,0,0,0,0,0,1,0,0,0,0
931,931,0,2,3,3,0,0,2,2,1,2,0,2,0,1,0,0,1,0,0,0,0,0,0,0
932,932,4,1,4,3,3,3,2,2,1,3,1,3,0,1,0,0,0,0,0,1,0,0,0,0
933,933,4,3,3,3,2,3,2,2,1,5,1,3,0,1,0,0,1,0,0,0,0,0,0,0
934,934,1,1,1,1,1,1,1,1,2,1,0,1,0,0,1,0,0,0,1,0,0,0,0,0
935,935,2,1,4,3,0,3,2,2,2,5,0,3,0,1,0,0,1,0,0,0,0,0,0,0
936,936,0,1,0,1,1,1,0,0,1,4,0,1,1,0,0,0,0,0,0,0,1,0,0,0
937,937,5,1,3,2,2,3,1,2,1,1,0,2,0,1,0,0,1,0,0,0,0,0,0,0
938,938,3,1,0,3,0,3,0,0,1,2,0,2,1,0,0,0,1,0,0,0,0,0,0,0
939,939,3,1,3,3,2,3,2,2,1,4,1,2,1,0,0,0,0,0,0,1,0,0,0,0
940,940,5,4,4,4,4,4,2,2,3,5,1,3,1,0,0,0,0,0,0,1,0,0,0,0
941,941,2,1,4,3,4,4,0,2,2,5,0,1,1,0,0,0,1,0,0,0,0,0,0,0
942,942,3,3,3,3,3,4,1,1,2,3,0,1,1,0,0,0,0,0,0,1,0,0,0,0
943,943,1,2,3,3,2,3,1,1,3,2,1,1,0,0,1,0,0,0,0,1,0,0,0,0
944,944,3,3,3,3,4,3,2,0,1,1,1,3,1,0,0,0,0,0,1,0,0,0,0,0
945,945,5,2,2,2,4,2,1,2,2,2,0,1,0,0,1,0,0,0,0,1,0,0,0,0
946,946,5,2,4,4,4,4,2,2,1,4,0,3,0,1,0,0,0,0,0,0,1,0,0,0
947,947,5,3,4,2,2,4,2,2,1,5,0,3,0,1,0,0,0,0,0,0,1,0,0,0
948,948,3,1,0,0,0,0,0,0,0,1,1,0,0,1,0,0,0,0,0,1,0,0,0,0
949,949,5,4,4,3,4,3,2,2,3,5,1,3,0,1,0,0,0,0,0,1,0,0,0,0
950,950,4,3,2,3,0,1,1,1,3,4,0,1,0,1,0,0,0,0,0,1,0,0,0,0
951,951,4,3,2,2,0,2,2,2,2,1,0,2,0,0,1,0,0,0,0,0,0,1,0,0
952,952,5,1,4,4,4,3,2,2,3,3,0,3,0,1,0,0,0,0,0,0,0,1,0,0
953,953,5,3,4,3,4,2,2,1,3,5,3,3,1,0,0,0,0,0,0,1,0,0,0,0
954,954,3,1,0,0,0,0,0,2,1,5,0,3,0,1,0,0,0,0,1,0,0,0,0,0
955,955,3,1,0,0,0,0,0,0,2,5,2,1,0,0,1,0,0,0,0,1,0,0,0,0
956,956,2,1,4,3,3,3,1,2,1,5,0,1,0,0,1,0,0,0,1,0,0,0,0,0
957,957,1,1,1,1,1,1,2,2,1,2,2,1,0,0,1,0,0,0,0,0,1,0,0,0
958,958,3,2,3,2,2,2,1,1,2,2,0,2,0,1,0,0,0,1,0,0,0,0,0,0
959,959,3,0,0,0,0,0,0,0,0,2,0,0,0,0,1,0,0,0,1,0,0,0,0,0
960,960,3,2,0,0,0,0,2,2,1,4,0,3,0,1,0,0,1,0,0,0,0,0,0,0
961,961,5,2,4,0,3,4,0,2,0,4,1,2,0,1,0,0,0,0,0,1,0,0,0,0
962,962,5,3,4,3,2,3,2,2,1,4,2,2,0,1,0,0,0,1,0,0,0,0,0,0
963,963,4,3,4,2,3,3,1,2,2,2,0,2,0,1,0,0,0,1,0,0,0,0,0,0
964,964,4,1,3,3,3,0,0,0,1,3,1,0,0,1,0,0,0,0,0,1,0,0,0,0
965,965,3,2,4,4,2,3,2,1,1,4,1,1,1,0,0,0,0,0,0,0,1,0,0,0
966,966,5,4,4,4,4,4,2,2,3,3,0,3,1,0,0,0,0,0,0,1,0,0,0,0
967,967,4,1,3,3,0,3,2,2,1,4,2,2,1,0,0,0,0,0,0,0,1,0,0,0
968,968,2,1,3,0,2,3,2,2,2,3,0,3,0,1,0,0,0,0,1,0,0,0,0,0
969,969,1,2,2,4,2,1,1,2,2,3,1,2,0,0,1,0,0,1,0,0,0,0,0,0
970,970,5,3,4,4,3,3,2,2,2,4,2,3,0,1,0,0,0,0,0,0,0,1,0,0
971,971,3,2,2,2,2,2,1,1,1,1,0,1,0,1,0,0,0,0,1,0,0,0,0,0
972,972,2,3,3,3,2,1,1,1,3,0,1,1,1,0,0,0,0,0,0,0,1,0,0,0
973,973,1,1,3,3,3,2,2,0,1,3,1,2,0,1,0,0,0,0,0,1,0,0,0,0
974,974,4,1,4,4,3,4,2,2,1,4,1,2,0,1,0,0,1,0,0,0,0,0,0,0
975,975,4,4,2,4,2,3,1,2,2,1,0,2,1,0,0,0,0,0,0,0,0,0,0,1
976,976,5,2,0,0,0,0,0,2,2,4,1,0,0,1,0,0,0,0,0,0,0,1,0,0
977,977,4,3,4,3,4,4,2,2,3,1,0,3,0,1,0,0,0,0,0,0,0,1,0,0
978,978,3,2,4,4,4,3,2,2,2,3,1,3,0,1,0,0,0,0,0,1,0,0,0,0
979,979,3,3,3,3,3,3,0,0,2,2,1,2,0,1,0,0,0,1,0,0,0,0,0,0
980,980,3,0,0,0,0,0,0,0,1,2,1,0,1,0,0,0,0,0,1,0,0,0,0,0
981,981,5,4,4,4,4,4,2,2,3,5,1,3,1,0,0,0,1,0,0,0,0,0,0,0
982,982,5,3,4,3,4,3,2,2,2,3,0,2,0,1,0,0,0,0,0,0,0,1,0,0
983,983,3,3,3,3,3,3,1,1,1,3,1,2,0,1,0,0,0,0,0,0,1,0,0,0
984,984,3,0,4,4,1,4,0,1,0,1,0,1,0,0,1,0,1,0,0,0,0,0,0,0
985,985,2,1,4,4,3,3,2,2,1,4,0,2,1,0,0,0,0,0,1,0,0,0,0,0
986,986,5,4,3,3,4,3,2,1,3,3,3,3,1,0,0,0,1,0,0,0,0,0,0,0
987,987,3,1,3,3,3,3,2,0,1,2,0,0,1,0,0,0,0,0,0,1,0,0,0,0
988,988,4,1,3,2,3,3,0,2,2,4,1,2,0,0,1,0,0,0,0,1,0,0,0,0
989,989,1,1,4,1,1,3,2,2,1,5,1,3,0,1,0,0,0,0,1,0,0,0,0,0
990,990,3,2,3,3,2,3,2,0,2,3,1,3,0,1,0,0,0,1,0,0,0,0,0,0
991,991,0,1,3,3,3,3,2,2,2,2,2,2,0,1,0,0,0,0,0,1,0,0,0,0
992,992,2,1,2,3,1,2,1,0,2,4,1,1,0,1,0,0,0,1,0,0,0,0,0,0
993,993,3,0,0,0,0,0,0,0,0,0,0,0,0,0,0,1,1,0,0,0,0,0,0,0
994,994,1,2,2,2,2,1,1,1,2,5,1,1,0,0,1,0,0,0,0,0,0,1,0,0
995,995,3,0,0,0,0,0,1,1,2,1,0,0,0,0,0,1,0,0,0,1,0,0,0,0
996,996,2,1,2,3,3,2,2,1,2,5,2,2,1,0,0,0,0,0,0,1,0,0,0,0
997,997,5,4,4,4,4,4,2,2,3,2,1,3,1,0,0,0,0,0,0,1,0,0,0,0
998,998,1,1,0,2,3,0,2,2,2,4,1,2,1,0,0,0,1,0,0,0,0,0,0,0
999,999,5,1,3,4,4,3,2,2,2,4,2,2,0,1,0,0,0,0,0,1,0,0,0,0
1000,1000,5,4,4,4,4,4,2,2,3,2,3,3,1,0,0,0,0,0,0,1,0,0,0,0
1001,1001,5,1,4,0,0,1,0,0,0,2,0,2,1,0,0,0,0,0,0,1,0,0,0,0
1002,1002,1,2,1,1,1,1,1,1,2,5,1,1,0,0,1,0,0,0,1,0,0,0,0,0
1003,1003,5,3,1,3,4,2,2,0,3,4,0,3,1,0,0,0,0,0,0,0,1,0,0,0
1004,1004,4,3,3,4,3,2,1,2,3,1,2,3,0,1,0,0,0,0,0,1,0,0,0,0
1005,1005,2,3,3,3,3,3,2,2,0,4,1,2,0,1,0,0,0,0,0,0,1,0,0,0
1006,1006,3,1,4,4,4,3,2,2,3,4,1,2,0,1,0,0,0,0,0,1,0,0,0,0
1007,1007,3,0,0,0,3,3,1,0,1,2,0,1,0,0,1,0,0,0,1,0,0,0,0,0
1008,1008,5,4,4,4,4,4,2,2,3,5,3,3,0,0,1,0,0,1,0,0,0,0,0,0
1009,1009,4,3,2,4,4,3,1,2,3,3,1,3,1,0,0,0,0,0,0,1,0,0,0,0
1010,1010,3,0,0,0,0,0,0,0,0,0,0,0,0,0,0,1,0,0,0,1,0,0,0,0
1011,1011,5,4,4,4,4,4,2,2,3,5,2,3,1,0,0,0,0,0,0,1,0,0,0,0
1012,1012,3,1,0,3,4,0,2,2,2,4,0,2,0,1,0,0,0,0,1,0,0,0,0,0
1013,1013,5,3,1,2,4,4,2,2,2,4,1,3,0,1,0,0,1,0,0,0,0,0,0,0
1014,1014,4,1,0,0,0,0,2,2,2,2,1,3,0,1,0,0,0,0,0,0,1,0,0,0
1015,1015,0,2,0,2,3,0,0,2,0,4,2,1,1,0,0,0,0,0,0,1,0,0,0,0
1016,1016,2,3,4,3,4,2,2,1,2,3,0,3,0,1,0,0,0,1,0,0,0,0,0,0
1017,1017,1,2,4,3,3,4,2,2,0,2,1,2,0,1,0,0,0,1,0,0,0,0,0,0
1018,1018,3,2,3,2,4,4,2,2,2,3,0,2,0,1,0,0,0,1,0,0,0,0,0,0
1019,1019,2,1,3,1,1,2,2,1,1,3,1,2,0,1,0,0,0,0,0,0,0,0,0,1
1020,1020,2,1,3,1,2,2,2,2,1,2,0,1,1,0,0,0,0,0,0,1,0,0,0,0
1021,1021,3,1,3,0,0,0,2,2,1,3,0,3,0,1,0,0,1,0,0,0,0,0,0,0
1022,1022,0,3,3,3,3,3,0,2,2,1,0,2,0,1,0,0,1,0,0,0,0,0,0,0
1023,1023,3,3,2,2,4,3,2,2,1,5,1,1,0,1,0,0,0,1,0,0,0,0,0,0
1024,1024,3,2,2,1,2,3,0,1,1,3,1,1,1,0,0,0,0,0,0,1,0,0,0,0
1025,1025,5,4,4,4,4,4,2,2,3,5,1,3,1,0,0,0,0,0,0,1,0,0,0,0
1026,1026,4,2,4,3,3,2,2,2,2,4,2,2,1,0,0,0,0,0,0,1,0,0,0,0
1027,1027,2,3,2,3,2,3,2,1,0,1,2,2,1,0,0,0,0,0,0,1,0,0,0,0
1028,1028,5,4,4,4,4,4,2,2,2,2,3,3,1,0,0,0,0,0,0,1,0,0,0,0
1029,1029,3,2,3,3,3,3,2,2,2,3,1,0,1,0,0,0,0,0,0,1,0,0,0,0
1030,1030,4,4,4,3,4,4,2,2,2,5,2,3,0,1,0,0,0,1,0,0,0,0,0,0
1031,1031,3,4,1,2,3,2,1,1,2,2,2,1,0,0,1,0,0,0,0,0,1,0,0,0
1032,1032,5,1,4,4,4,0,2,2,1,3,0,3,0,1,0,0,0,0,0,1,0,0,0,0
1033,1033,3,2,2,2,4,4,0,1,2,2,1,3,0,1,0,0,0,0,0,0,1,0,0,0
1034,1034,0,1,0,0,2,0,0,1,1,4,2,1,1,0,0,0,0,0,0,0,1,0,0,0
1035,1035,5,3,4,3,4,3,2,1,2,5,3,3,1,0,0,0,0,0,0,1,0,0,0,0
1036,1036,2,1,4,3,0,4,0,2,1,4,0,3,0,1,0,0,0,0,0,0,1,0,0,0
1037,1037,5,1,4,0,1,1,2,0,1,1,0,3,0,1,0,0,0,0,1,0,0,0,0,0
1038,1038,4,4,3,1,2,4,2,2,2,4,2,3,0,1,0,0,0,0,0,1,0,0,0,0
1039,1039,4,3,3,3,4,3,2,2,2,5,3,2,0,0,1,0,0,0,0,0,1,0,0,0
1040,1040,2,1,4,3,3,4,2,2,1,3,0,1,0,1,0,0,0,0,0,1,0,0,0,0
1041,1041,4,2,3,2,2,3,2,2,2,5,0,3,0,1,0,0,1,0,0,0,0,0,0,0
1042,1042,0,2,4,3,3,1,2,2,0,4,0,2,0,1,0,0,0,0,0,0,1,0,0,0
1043,1043,5,4,4,3,4,3,2,1,2,5,2,3,0,1,0,0,0,1,0,0,0,0,0,0
1044,1044,5,4,4,4,4,4,2,2,3,5,2,3,1,0,0,0,0,0,0,1,0,0,0,0
1045,1045,4,1,1,1,3,1,1,1,1,5,0,1,1,0,0,0,0,0,0,0,1,0,0,0
1046,1046,4,2,2,0,0,0,0,0,2,0,0,0,1,0,0,0,0,0,0,0,1,0,0,0
1047,1047,2,3,4,3,2,3,2,1,3,3,2,2,0,1,0,0,0,0,0,0,0,1,0,0
1048,1048,4,1,0,3,2,0,0,1,1,5,1,1,1,0,0,0,0,0,0,0,1,0,0,0
1049,1049,4,1,3,4,3,3,2,2,2,4,0,3,0,1,0,0,0,1,0,0,0,0,0,0
1050,1050,4,1,4,4,4,4,2,2,1,5,0,3,0,1,0,0,0,0,0,1,0,0,0,0
1051,1051,3,1,3,3,0,3,2,2,0,4,1,2,0,1,0,0,0,0,0,1,0,0,0,0
1052,1052,4,2,0,0,0,0,0,0,1,4,0,0,0,1,0,0,0,0,0,0,1,0,0,0
1053,1053,4,2,0,0,2,2,2,2,2,3,0,2,0,1,0,0,0,0,0,0,1,0,0,0
1054,1054,5,4,4,4,4,4,2,2,3,4,0,3,1,0,0,0,0,0,0,1,0,0,0,0
1055,1055,5,3,1,1,2,3,2,2,2,2,1,3,1,0,0,0,0,0,0,1,0,0,0,0
1056,1056,2,2,0,0,0,3,1,1,2,4,1,1,0,0,1,0,0,0,0,0,1,0,0,0
1057,1057,1,1,4,3,3,3,0,0,2,0,2,0,0,0,1,0,0,1,0,0,0,0,0,0
1058,1058,4,1,3,4,3,3,2,2,1,4,0,3,0,1,0,0,0,0,0,0,1,0,0,0
1059,1059,3,3,0,0,0,0,0,0,0,0,1,1,0,0,1,0,0,0,1,0,0,0,0,0
1060,1060,3,1,3,0,0,4,2,2,2,3,1,0,0,1,0,0,0,0,0,1,0,0,0,0
1061,1061,5,3,0,0,1,0,1,1,1,3,0,0,0,0,0,1,0,0,0,1,0,0,0,0
1062,1062,2,1,3,0,0,0,2,2,1,3,0,3,0,1,0,0,0,0,1,0,0,0,0,0
1063,1063,5,4,4,4,4,4,2,2,3,5,3,3,1,0,0,0,0,0,0,1,0,0,0,0
1064,1064,4,3,0,2,3,3,2,2,2,4,1,2,1,0,0,0,0,1,0,0,0,0,0,0
1065,1065,4,2,0,3,2,3,2,2,0,4,1,2,0,1,0,0,0,1,0,0,0,0,0,0
1066,1066,1,3,1,1,1,1,1,1,3,5,1,1,0,0,0,1,0,0,0,1,0,0,0,0
1067,1067,3,4,3,3,3,3,0,2,1,0,0,1,0,1,0,0,0,0,0,1,0,0,0,0
1068,1068,3,4,3,4,2,4,2,0,3,4,0,3,1,0,0,0,0,0,0,1,0,0,0,0
1069,1069,4,3,4,4,3,3,2,2,3,5,1,3,1,0,0,0,0,0,0,1,0,0,0,0
1070,1070,4,1,3,0,0,4,0,1,1,0,0,1,1,0,0,0,0,0,0,1,0,0,0,0
1071,1071,3,2,1,1,1,1,1,1,1,1,0,1,0,0,0,1,0,0,0,0,1,0,0,0
1072,1072,4,3,4,4,3,4,2,2,2,4,1,2,1,0,0,0,0,0,0,1,0,0,0,0
1073,1073,0,0,0,0,0,0,0,0,1,1,0,0,0,0,1,0,0,0,1,0,0,0,0,0
1074,1074,4,3,3,0,3,3,2,0,2,3,1,2,1,0,0,0,0,0,0,0,1,0,0,0
1075,1075,4,3,3,2,4,3,2,2,2,1,1,2,0,1,0,0,0,1,0,0,0,0,0,0
1076,1076,5,4,4,4,4,4,2,2,3,4,1,3,0,1,0,0,0,0,0,0,0,1,0,0
1077,1077,5,3,3,3,3,4,2,2,2,4,1,3,0,0,1,0,1,0,0,0,0,0,0,0
1078,1078,5,2,2,2,2,3,2,0,2,2,0,0,0,1,0,0,1,0,0,0,0,0,0,0
1079,1079,4,3,3,2,2,2,2,2,2,2,2,2,0,1,0,0,0,1,0,0,0,0,0,0
1080,1080,2,1,4,3,0,3,2,2,1,5,0,2,0,0,0,1,0,0,0,1,0,0,0,0
1081,1081,4,4,2,4,4,4,2,1,2,3,3,3,0,0,1,0,0,1,0,0,0,0,0,0
1082,1082,4,4,3,3,3,2,2,2,1,3,0,3,1,0,0,0,1,0,0,0,0,0,0,0
1083,1083,5,4,4,4,4,4,2,2,2,5,1,3,1,0,0,0,1,0,0,0,0,0,0,0
1084,1084,1,1,1,1,1,1,1,1,1,4,3,1,0,0,1,0,0,0,0,0,0,0,0,1
1085,1085,5,3,4,3,4,3,2,1,2,0,0,2,0,1,0,0,0,1,0,0,0,0,0,0
1086,1086,5,4,4,2,4,4,2,2,3,5,2,3,1,0,0,0,0,0,0,0,1,0,0,0
1087,1087,5,1,3,2,2,3,2,2,1,2,1,2,0,1,0,0,0,0,0,1,0,0,0,0
1088,1088,3,4,2,1,4,4,2,2,2,5,1,2,0,1,0,0,0,0,0,1,0,0,0,0
1089,1089,4,3,2,2,4,3,2,2,1,4,1,2,0,1,0,0,0,1,0,0,0,0,0,0
1090,1090,3,3,2,2,2,1,1,1,2,1,3,1,1,0,0,0,0,0,0,0,1,0,0,0
1091,1091,5,3,4,3,4,4,2,2,2,3,2,2,0,1,0,0,0,0,0,1,0,0,0,0
1092,1092,1,1,3,2,1,3,2,1,1,1,3,2,0,1,0,0,0,0,1,0,0,0,0,0
1093,1093,4,3,4,4,3,4,2,2,2,3,1,2,1,0,0,0,0,0,0,1,0,0,0,0
1094,1094,4,4,4,4,3,3,2,2,3,1,3,3,0,1,0,0,0,0,0,1,0,0,0,0
1095,1095,5,4,2,0,4,3,2,2,3,3,1,3,0,1,0,0,0,0,0,1,0,0,0,0
1096,1096,1,4,1,3,4,4,2,1,3,5,1,3,1,0,0,0,0,0,1,0,0,0,0,0
1097,1097,4,3,3,1,1,2,2,2,2,4,2,2,0,1,0,0,0,0,0,1,0,0,0,0
1098,1098,5,4,4,3,4,3,2,2,3,4,2,3,1,0,0,0,0,0,0,1,0,0,0,0
1099,1099,3,2,0,2,2,2,1,1,2,3,1,1,0,0,1,0,0,0,0,1,0,0,0,0
1100,1100,3,1,3,3,0,3,2,2,0,4,2,2,0,1,0,0,0,0,0,0,1,0,0,0
1101,1101,1,1,3,3,3,2,2,2,1,3,0,3,0,1,0,0,0,0,0,1,0,0,0,0
1102,1102,5,4,4,4,4,3,2,1,2,5,3,2,1,0,0,0,0,0,0,1,0,0,0,0
1103,1103,5,2,4,2,1,4,2,2,2,5,1,2,0,1,0,0,0,0,0,1,0,0,0,0
1104,1104,5,4,2,2,2,3,2,2,2,5,2,3,0,1,0,0,0,0,0,1,0,0,0,0
1105,1105,4,3,2,3,3,3,2,2,1,3,0,2,0,1,0,0,0,1,0,0,0,0,0,0
1106,1106,5,4,4,4,4,4,2,2,3,4,3,3,0,1,0,0,0,0,0,1,0,0,0,0
1107,1107,4,2,3,1,3,0,1,2,2,1,0,1,0,1,0,0,0,0,0,0,1,0,0,0
1108,1108,4,3,2,3,3,3,2,2,3,4,1,2,1,0,0,0,0,0,0,0,0,1,0,0
1109,1109,3,0,3,4,4,1,2,2,1,3,0,2,0,1,0,0,0,0,0,1,0,0,0,0
1110,1110,5,4,4,2,3,4,2,2,3,5,0,3,1,0,0,0,0,1,0,0,0,0,0,0
1111,1111,5,3,4,3,3,4,2,1,3,0,2,1,1,0,0,0,0,0,0,1,0,0,0,0
1112,1112,5,4,4,4,4,4,2,2,3,5,3,3,0,1,0,0,0,1,0,0,0,0,0,0
1113,1113,5,4,4,3,3,3,2,2,2,3,1,3,0,0,1,0,1,0,0,0,0,0,0,0
1114,1114,4,3,1,2,0,2,2,2,2,3,1,1,0,1,0,0,0,0,0,1,0,0,0,0
1115,1115,5,4,3,0,1,2,2,2,2,5,1,3,1,0,0,0,0,0,1,0,0,0,0,0
1116,1116,5,4,2,2,1,3,2,2,2,4,3,3,0,1,0,0,0,0,0,0,1,0,0,0
1117,1117,3,1,2,1,2,2,0,2,1,1,0,1,0,1,0,0,0,0,1,0,0,0,0,0
1118,1118,4,3,3,3,2,3,2,2,2,4,1,2,0,1,0,0,0,1,0,0,0,0,0,0
1119,1119,5,4,4,4,3,4,2,1,2,4,3,3,1,0,0,0,0,0,0,1,0,0,0,0
1120,1120,5,4,4,4,4,4,1,2,2,3,0,0,0,0,1,0,0,0,0,0,1,0,0,0
1121,1121,3,3,1,2,3,1,2,2,2,1,0,2,1,0,0,0,0,0,0,1,0,0,0,0
1122,1122,5,4,3,4,3,4,2,2,3,5,1,3,0,1,0,0,0,1,0,0,0,0,0,0
1123,1123,3,2,3,0,0,3,2,2,2,3,1,2,0,1,0,0,0,1,0,0,0,0,0,0
1124,1124,5,3,4,2,3,3,2,2,2,4,3,3,0,1,0,0,0,0,0,1,0,0,0,0
1125,1125,1,1,0,3,0,3,1,1,2,3,1,1,0,0,1,0,0,0,0,1,0,0,0,0
1126,1126,4,3,3,3,3,3,0,2,2,3,0,2,1,0,0,0,1,0,0,0,0,0,0,0
1127,1127,4,2,3,0,2,3,2,2,0,5,1,2,1,0,0,0,0,0,0,1,0,0,0,0
1128,1128,3,2,4,2,3,3,0,0,2,4,0,2,0,0,1,0,1,0,0,0,0,0,0,0
1129,1129,4,3,2,3,2,3,2,2,2,3,1,1,1,0,0,0,0,1,0,0,0,0,0,0
1130,1130,3,0,0,2,2,0,2,2,1,4,0,2,0,1,0,0,1,0,0,0,0,0,0,0
1131,1131,5,3,2,2,4,3,2,2,1,2,1,3,1,0,0,0,1,0,0,0,0,0,0,0
1132,1132,5,3,4,4,3,3,2,2,1,4,2,3,0,0,1,0,0,0,1,0,0,0,0,0
1133,1133,3,3,3,3,4,4,2,1,3,2,2,2,0,1,0,0,0,1,0,0,0,0,0,0
1134,1134,5,2,4,1,2,3,2,2,0,5,0,3,0,1,0,0,1,0,0,0,0,0,0,0
1135,1135,4,3,3,0,3,4,2,0,2,5,2,3,1,0,0,0,0,0,0,1,0,0,0,0
1136,1136,2,3,2,2,4,3,1,1,3,3,0,3,1,0,0,0,0,1,0,0,0,0,0,0
1137,1137,1,4,1,3,1,3,2,0,3,0,0,2,0,0,1,0,0,0,0,1,0,0,0,0
1138,1138,1,1,1,1,1,1,0,1,1,2,0,1,0,0,1,0,0,0,0,0,0,1,0,0
1139,1139,2,1,3,2,3,3,2,2,1,1,1,2,0,0,1,0,0,0,1,0,0,0,0,0
1140,1140,5,4,4,4,4,4,2,2,2,5,2,3,0,1,0,0,0,1,0,0,0,0,0,0
1141,1141,3,3,3,2,2,3,2,2,1,3,1,2,0,1,0,0,0,0,0,1,0,0,0,0
1142,1142,3,3,3,3,3,3,2,2,2,4,0,2,0,1,0,0,1,0,0,0,0,0,0,0
1143,1143,3,1,4,0,3,0,0,0,1,1,1,3,1,0,0,0,0,0,1,0,0,0,0,0
1144,1144,5,4,4,4,4,4,2,2,3,5,2,3,0,1,0,0,0,1,0,0,0,0,0,0
1145,1145,5,3,4,3,3,4,1,2,2,2,0,3,0,0,1,0,0,0,0,0,0,1,0,0
1146,1146,4,3,3,4,3,3,1,2,2,4,2,2,0,0,1,0,0,1,0,0,0,0,0,0
1147,1147,4,1,4,4,0,1,2,2,1,5,1,3,0,1,0,0,0,0,0,0,1,0,0,0
1148,1148,4,2,3,2,2,3,2,2,2,4,2,3,1,0,0,0,0,0,0,1,0,0,0,0
1149,1149,3,2,4,4,4,1,2,1,2,0,3,3,1,0,0,0,0,1,0,0,0,0,0,0
1150,1150,2,1,3,3,0,0,2,2,1,2,0,2,0,1,0,0,1,0,0,0,0,0,0,0
1151,1151,5,3,3,2,4,3,2,2,2,5,2,2,0,1,0,0,0,1,0,0,0,0,0,0
1152,1152,3,1,4,4,4,4,1,0,1,3,1,2,1,0,0,0,0,0,0,0,0,0,0,1
1153,1153,0,0,0,0,0,0,0,0,0,0,0,0,0,1,0,0,0,0,1,0,0,0,0,0
1154,1154,5,2,3,3,3,3,2,2,2,3,2,2,0,1,0,0,0,0,0,1,0,0,0,0
1155,1155,1,2,3,4,3,1,1,1,2,2,1,1,1,0,0,0,0,1,0,0,0,0,0,0
1156,1156,3,1,4,3,0,3,2,2,2,4,1,2,0,1,0,0,0,1,0,0,0,0,0,0
1157,1157,3,3,4,4,3,0,0,2,1,2,0,3,0,1,0,0,1,0,0,0,0,0,0,0
1158,1158,2,1,0,0,3,3,2,1,0,4,0,1,1,0,0,0,0,0,0,1,0,0,0,0
1159,1159,3,1,3,0,0,0,2,2,1,1,0,3,0,1,0,0,1,0,0,0,0,0,0,0
1160,1160,4,2,3,3,3,3,1,1,1,3,1,3,0,1,0,0,0,0,0,1,0,0,0,0
1161,1161,3,1,1,1,1,1,0,0,2,3,0,3,0,1,0,0,1,0,0,0,0,0,0,0
1162,1162,4,2,3,3,2,3,2,2,2,4,1,3,0,1,0,0,0,0,1,0,0,0,0,0
1163,1163,5,3,3,3,3,3,2,2,2,4,1,3,1,0,0,0,1,0,0,0,0,0,0,0
1164,1164,5,3,4,4,3,3,2,2,2,3,1,2,0,1,0,0,0,1,0,0,0,0,0,0
1165,1165,2,3,1,3,3,2,1,1,3,4,1,1,0,0,1,0,0,0,0,1,0,0,0,0
1166,1166,5,3,3,3,3,3,2,2,2,2,1,2,0,1,0,0,0,1,0,0,0,0,0,0
1167,1167,4,2,2,3,3,0,2,0,2,3,1,2,0,0,0,1,0,1,0,0,0,0,0,0
1168,1168,4,1,3,3,3,0,2,0,1,4,0,2,0,1,0,0,0,0,0,0,1,0,0,0
1169,1169,1,3,3,3,4,3,2,1,2,3,2,2,0,0,0,1,0,1,0,0,0,0,0,0
1170,1170,5,4,4,4,3,4,2,2,3,3,3,3,1,0,0,0,0,0,0,1,0,0,0,0
1171,1171,4,1,3,3,3,3,2,2,2,3,1,1,0,1,0,0,0,0,0,1,0,0,0,0
1172,1172,4,3,2,4,3,4,2,2,3,2,0,2,1,0,0,0,0,1,0,0,0,0,0,0
1173,1173,2,1,3,0,1,3,2,2,2,3,0,2,0,1,0,0,1,0,0,0,0,0,0,0
1174,1174,0,1,2,0,1,2,1,1,1,2,1,1,1,0,0,0,0,0,0,1,0,0,0,0
1175,1175,5,4,4,4,4,4,2,2,3,5,2,3,0,1,0,0,1,0,0,0,0,0,0,0
1176,1176,3,1,1,1,1,3,1,2,1,2,0,0,1,0,0,0,0,0,0,1,0,0,0,0
1177,1177,4,3,3,3,4,3,2,1,2,4,1,2,1,0,0,0,0,1,0,0,0,0,0,0
1178,1178,4,3,3,3,2,3,2,2,3,3,0,1,0,1,0,0,0,0,0,0,0,0,0,1
1179,1179,2,3,2,3,2,1,1,1,0,2,1,1,0,1,0,0,0,0,0,1,0,0,0,0
1180,1180,1,4,4,3,2,1,2,1,3,4,1,3,1,0,0,0,0,0,0,1,0,0,0,0
1181,1181,4,3,3,3,3,4,1,2,2,2,2,2,0,1,0,0,0,1,0,0,0,0,0,0
1182,1182,5,4,4,4,4,4,2,2,2,4,2,3,0,1,0,0,0,0,0,0,0,1,0,0
1183,1183,5,4,4,4,4,4,2,2,3,1,1,3,1,0,0,0,0,0,0,1,0,0,0,0
1184,1184,5,4,3,2,4,4,2,2,2,5,2,2,0,1,0,0,0,1,0,0,0,0,0,0
1185,1185,5,3,3,4,4,3,2,1,2,2,2,3,0,1,0,0,0,0,0,1,0,0,0,0
1186,1186,1,2,3,4,2,2,2,1,2,3,1,1,0,1,0,0,0,1,0,0,0,0,0,0
1187,1187,3,1,4,3,3,4,2,2,1,4,2,3,0,1,0,0,0,0,0,0,0,1,0,0
1188,1188,3,4,2,2,1,0,1,1,1,5,3,1,0,0,0,1,0,0,0,1,0,0,0,0
1189,1189,4,2,3,4,3,2,0,0,2,4,1,2,0,0,1,0,0,0,0,1,0,0,0,0
1190,1190,3,1,0,0,0,0,2,2,0,3,0,2,0,1,0,0,0,0,1,0,0,0,0,0
1191,1191,5,4,3,3,4,3,1,2,2,5,2,3,0,1,0,0,0,0,0,1,0,0,0,0
1192,1192,4,1,3,3,0,3,2,1,3,5,1,1,0,0,1,0,0,0,0,0,1,0,0,0
1193,1193,4,2,1,0,2,3,2,2,1,5,0,2,1,0,0,0,0,0,0,1,0,0,0,0
1194,1194,1,1,0,1,2,0,2,0,1,3,0,0,0,1,0,0,0,0,1,0,0,0,0,0
1195,1195,3,2,3,3,3,3,2,2,2,4,1,2,0,1,0,0,0,1,0,0,0,0,0,0
1196,1196,3,4,3,4,3,4,0,0,0,4,0,3,0,1,0,0,0,0,1,0,0,0,0,0
1197,1197,4,4,2,3,3,4,2,2,2,5,2,2,0,1,0,0,0,0,0,1,0,0,0,0
1198,1198,5,1,2,3,4,3,2,1,1,3,2,3,1,0,0,0,0,1,0,0,0,0,0,0
1199,1199,4,4,2,3,2,3,2,2,2,4,2,2,1,0,0,0,0,1,0,0,0,0,0,0
1200,1200,5,3,4,4,4,4,0,0,1,4,3,1,0,1,0,0,0,0,0,0,0,0,1,0
1201,1201,5,4,0,0,3,3,2,2,0,3,1,3,0,1,0,0,1,0,0,0,0,0,0,0
1202,1202,1,3,2,2,2,2,1,2,3,1,1,1,0,0,1,0,0,0,0,0,1,0,0,0
1203,1203,4,3,4,4,2,0,1,0,2,2,0,3,0,1,0,0,0,1,0,0,0,0,0,0
1204,1204,4,3,3,2,2,3,1,2,2,2,1,1,0,1,0,0,0,0,0,1,0,0,0,0
1205,1205,4,3,3,3,3,3,1,1,2,4,1,1,0,0,1,0,0,0,0,0,1,0,0,0
1206,1206,1,3,4,4,4,4,2,2,2,1,0,3,1,0,0,0,0,0,0,1,0,0,0,0
1207,1207,5,4,4,4,4,4,2,1,2,1,3,3,1,0,0,0,0,0,0,1,0,0,0,0
1208,1208,4,2,1,1,0,2,1,1,1,2,0,2,1,0,0,0,0,0,0,1,0,0,0,0
1209,1209,5,4,4,1,1,3,2,2,1,3,0,3,1,0,0,0,0,0,0,1,0,0,0,0
1210,1210,2,1,3,2,2,2,0,1,2,3,1,1,1,0,0,0,0,0,0,0,1,0,0,0
