,Unnamed: 0,HR1_10SCALE,HR2_1,HR2_2,HR2_3,HR2_4,HR2_5,HR3,HR4,HR5,HR7_1,HR7_2,HR7_3,STIMULUS2,STIMULUS3,PERSONAL2,MEDIA5,MEDIA6_6,MEDIA11,DEMOGRAPHIC4,DEMOGRAPHIC13
0,0,4,3,1,2,3,5,1,2,3,2,1,2,C,0,3,A,1,0,IN,0
1,1,4,3,3,4,2,4,3,2,3,2,2,1,C,1,2,E,4,2,CO,0
2,2,10,0,0,0,0,0,0,0,0,0,0,0,C,0,0,E,1,0,GA,0
3,3,5,3,3,3,3,3,0,1,2,2,2,1,C,0,0,D,1,4,IL,0
4,4,5,3,0,1,1,2,0,4,1,4,0,1,C,1,0,C,3,0,MS,0
5,5,5,5,5,5,5,5,3,3,3,3,3,3,C,1,0,B,3,4,IL,0
6,6,10,2,2,2,1,2,0,1,0,2,4,3,C,2,2,E,1,0,TX,1
7,7,10,5,5,5,5,4,4,4,4,4,4,4,B,1,3,C,5,0,WA,1
8,8,1,3,1,4,3,3,3,3,1,4,4,4,C,1,2,C,2,0,IL,1
9,9,3,2,1,0,5,4,2,1,0,3,2,1,B,2,2,D,1,0,TN,1
10,10,5,3,4,4,4,4,3,4,4,3,3,2,C,2,3,C,2,0,MN,1
11,11,5,0,3,3,4,3,3,3,3,2,2,2,A,2,2,B,3,4,GA,1
12,12,10,3,3,3,3,3,2,3,2,0,0,0,C,2,0,A,3,0,WI,0
13,13,4,0,0,0,0,0,2,2,2,0,0,0,C,0,2,E,0,0,MT,1
14,14,7,5,5,5,5,5,4,4,4,4,4,4,B,3,2,C,3,4,TX,3
15,15,1,4,4,4,4,4,3,3,3,3,0,0,C,2,2,B,2,0,CA,1
16,16,5,4,4,4,4,4,3,3,3,1,3,3,C,2,2,D,3,0,NY,1
17,17,2,0,2,3,4,4,2,0,2,3,2,0,B,1,2,D,2,0,NY,1
18,18,5,5,4,5,5,4,4,4,4,4,4,3,B,2,3,B,0,4,IN,1
19,19,10,2,3,2,3,1,1,1,2,3,3,2,B,3,1,C,2,0,FL,0
20,20,10,2,2,4,3,2,1,2,3,2,2,1,B,1,2,A,3,0,OK,1
21,21,1,1,1,3,5,5,2,1,1,2,1,2,C,2,3,B,1,0,NV,1
22,22,1,2,4,2,1,1,4,4,4,0,2,3,B,1,1,A,2,2,NY,0
23,23,10,5,4,4,4,5,4,4,4,4,4,3,B,3,1,A,1,4,NJ,2
24,24,3,1,3,4,3,3,3,2,2,0,1,3,C,2,2,C,3,3,CA,1
25,25,5,4,5,5,4,3,4,4,3,4,4,3,C,1,3,A,0,4,CA,0
26,26,8,2,3,4,5,3,4,2,4,4,3,2,C,2,1,A,3,0,AL,0
27,27,6,3,2,4,3,3,2,2,2,2,3,1,C,1,1,D,2,2,IL,1
28,28,1,1,2,3,3,3,4,1,0,4,1,0,C,0,2,C,1,0,OK,0
29,29,1,3,3,3,0,3,4,2,4,0,0,0,C,3,3,A,1,0,TX,1
30,30,5,4,5,3,3,5,3,3,3,3,4,3,A,3,2,B,2,3,TX,1
31,31,4,3,4,4,3,4,3,3,3,3,3,4,A,2,2,A,2,0,IA,0
32,32,9,3,3,4,3,3,4,4,2,2,2,2,C,2,1,A,3,0,MN,1
33,33,2,5,5,5,5,5,4,4,4,4,4,4,B,3,3,B,5,4,TX,3
34,34,1,2,2,5,5,5,4,1,1,4,4,1,B,1,2,D,4,1,KY,0
35,35,7,4,3,4,4,4,3,3,3,3,3,3,C,2,2,B,4,1,VA,1
36,36,10,4,4,4,1,2,3,2,3,3,3,1,B,2,3,D,5,4,OH,0
37,37,2,3,3,3,4,4,3,0,2,0,0,0,C,1,2,A,3,4,KY,0
38,38,2,3,3,3,4,4,3,2,3,0,0,0,B,0,2,D,2,1,OH,0
39,39,6,1,1,3,4,0,2,3,4,1,4,2,B,2,1,A,2,0,TN,1
40,40,7,4,5,5,3,5,3,4,4,4,4,3,B,2,2,A,5,0,PA,1
41,41,1,5,5,5,5,5,4,4,4,2,2,3,B,3,3,A,1,0,CA,1
42,42,10,3,3,4,4,1,4,2,3,2,2,1,C,2,3,F,2,4,AL,1
43,43,5,3,3,3,3,3,4,0,0,0,0,0,B,0,2,F,3,0,IL,1
44,44,10,5,3,5,3,3,0,2,4,2,3,3,C,0,3,E,1,4,TX,0
45,45,5,3,3,3,3,3,3,3,3,3,3,3,C,0,2,C,3,0,TX,1
46,46,10,4,4,4,4,4,3,3,3,3,3,3,C,2,2,D,2,4,KY,1
47,47,8,4,3,4,4,4,3,3,3,2,1,3,B,2,2,C,3,3,SC,2
48,48,10,2,2,5,4,4,4,2,4,4,4,4,B,2,3,A,1,0,TN,1
49,49,3,2,2,5,3,5,3,1,2,3,3,3,A,2,2,C,1,2,TX,1
50,50,2,3,4,5,3,4,3,1,3,0,0,2,A,1,3,E,1,0,NY,1
51,51,10,4,4,3,4,5,3,2,1,4,3,1,C,2,2,A,3,0,NY,0
52,52,4,4,3,4,5,5,4,2,4,3,3,0,B,1,1,D,5,0,WV,2
53,53,7,1,2,2,4,4,3,3,4,4,3,3,C,2,1,B,4,0,CA,1
54,54,8,3,4,1,3,4,3,3,3,3,4,3,B,2,3,A,5,4,PA,1
55,55,10,1,1,3,2,2,1,1,1,3,3,3,C,1,3,D,3,1,MS,0
56,56,7,4,3,4,4,5,4,3,0,2,0,1,C,0,3,D,0,0,MA,0
57,57,5,1,1,3,4,4,3,2,3,4,3,2,A,1,2,B,4,2,FL,1
58,58,8,4,5,5,5,5,4,3,4,4,4,3,A,2,2,B,2,4,NY,2
59,59,8,4,5,4,5,2,3,4,3,3,4,2,C,2,3,A,4,4,NY,2
60,60,8,3,3,5,5,5,4,3,4,3,3,3,C,2,2,D,5,3,PA,0
61,61,4,4,5,4,5,5,4,3,3,3,0,1,C,2,2,C,4,1,CA,1
62,62,8,4,2,4,2,2,3,3,3,2,2,1,C,2,3,A,3,0,VA,0
63,63,1,2,2,4,4,4,2,2,3,3,4,3,C,1,2,C,0,3,MD,2
64,64,8,3,3,3,4,4,3,2,3,0,0,0,C,0,3,D,2,2,TX,1
65,65,10,3,5,5,5,5,4,3,4,4,4,3,B,2,1,C,5,0,NJ,3
66,66,8,5,4,5,4,5,4,3,4,4,3,4,B,2,3,C,1,0,NJ,1
67,67,9,4,4,4,3,1,3,3,3,3,3,3,C,2,3,A,2,0,CA,2
68,68,2,4,5,4,4,5,3,4,4,4,3,1,A,3,2,A,1,4,NJ,2
69,69,6,3,2,3,2,5,3,3,3,4,2,2,C,1,2,C,3,2,NY,0
70,70,1,1,1,3,3,4,1,1,1,4,4,0,B,1,2,E,1,0,PA,0
71,71,3,4,4,4,4,4,3,3,3,4,4,4,B,3,3,A,1,4,NY,1
72,72,9,3,3,4,3,3,4,2,4,2,0,1,B,3,3,A,2,4,MI,1
73,73,4,3,3,3,3,3,4,4,4,1,4,4,C,1,1,D,1,4,TX,0
74,74,9,4,4,3,3,5,3,3,3,3,3,4,B,2,3,C,3,1,PA,1
75,75,1,5,5,4,5,5,4,4,4,4,3,4,A,3,3,A,5,3,FL,2
76,76,10,5,5,5,5,5,4,4,4,4,4,4,B,3,3,A,5,4,SC,3
77,77,5,5,5,5,5,5,4,4,4,4,4,4,B,3,3,D,5,4,TX,3
78,78,7,1,1,1,2,4,2,2,1,4,2,1,C,2,2,A,3,4,AL,0
79,79,10,1,1,1,1,1,1,1,1,3,4,4,B,2,2,A,2,1,TX,1
80,80,3,2,2,2,2,3,1,2,2,0,0,0,C,1,3,D,2,0,OR,0
81,81,3,4,4,4,4,4,3,3,4,0,0,0,B,3,2,F,0,4,NC,0
82,82,2,3,2,2,3,4,2,3,2,4,3,2,A,2,1,B,5,3,PA,1
83,83,9,5,4,5,4,5,4,4,4,4,3,4,B,3,3,C,4,2,NY,2
84,84,3,2,4,3,2,3,3,1,2,3,1,3,A,3,1,C,2,4,FL,1
85,85,6,5,4,4,4,5,4,4,4,4,3,4,B,3,3,A,4,4,TX,2
86,86,10,5,5,5,5,5,4,4,4,4,3,4,B,3,3,C,4,4,NJ,1
87,87,9,5,4,5,4,4,4,3,3,3,3,3,C,2,2,C,4,0,CA,1
88,88,6,3,3,4,0,0,4,2,4,1,1,2,C,0,1,A,4,1,UT,0
89,89,9,5,5,5,5,5,4,4,4,4,4,4,A,3,2,B,4,3,MN,2
90,90,10,3,4,4,4,4,4,3,4,1,1,1,B,1,1,A,2,4,OH,1
91,91,10,5,5,5,5,5,4,4,4,4,4,3,B,3,3,A,2,4,TX,2
92,92,8,5,5,4,4,4,3,3,3,0,0,0,C,0,3,A,0,0,FL,0
93,93,1,1,1,3,3,1,3,1,1,4,4,4,A,2,1,F,2,4,SC,0
94,94,1,4,5,5,5,4,3,4,4,4,3,3,C,3,2,C,4,3,NY,1
95,95,5,2,2,3,2,2,3,2,3,0,0,0,C,2,2,A,3,1,NJ,1
96,96,1,5,5,5,5,4,4,3,3,4,3,2,B,2,3,A,4,3,WA,2
97,97,9,5,4,5,5,4,4,4,4,3,4,3,A,3,2,C,5,2,CA,3
98,98,1,1,1,5,4,5,2,4,3,4,4,3,C,1,1,F,5,4,OH,0
99,99,3,1,1,4,4,2,1,1,1,3,4,2,C,1,1,F,3,0,NC,2
100,100,7,4,2,5,5,5,4,3,3,2,3,1,C,2,2,F,4,0,VA,2
101,101,1,5,4,5,5,5,4,4,4,4,3,4,B,2,2,C,4,3,CA,2
102,102,10,3,3,5,3,3,3,2,1,4,1,1,C,1,3,F,1,0,SC,0
103,103,2,3,4,4,4,4,3,3,3,1,2,2,A,2,1,C,3,3,NY,1
104,104,10,2,3,3,3,3,3,1,3,1,1,1,C,1,1,A,1,0,SC,0
105,105,1,3,5,5,5,5,4,4,4,4,4,4,C,0,0,F,5,0,WI,0
106,106,1,2,2,3,3,3,3,1,0,4,3,3,C,1,2,A,3,1,CA,0
107,107,8,5,4,3,3,5,4,4,4,4,4,3,B,3,3,A,4,4,TX,2
108,108,2,4,4,5,4,4,3,3,3,3,3,3,C,2,2,C,4,0,NY,1
109,109,1,2,2,3,4,4,4,4,4,0,4,0,C,2,1,E,3,2,IN,0
110,110,10,5,5,4,5,3,4,4,4,2,4,3,C,2,2,C,4,0,NY,3
111,111,2,3,2,2,3,2,2,2,2,3,2,2,C,1,2,D,3,3,MS,1
112,112,5,3,3,3,3,3,0,0,0,0,0,0,C,0,0,C,1,0,AZ,0
113,113,1,2,1,4,3,4,2,1,0,4,3,2,C,1,2,A,4,4,MI,0
114,114,7,2,2,3,3,3,3,3,3,3,0,0,C,0,3,A,4,0,AZ,0
115,115,2,5,4,5,4,5,4,4,3,4,3,2,A,3,2,B,0,3,CA,1
116,116,3,3,2,3,3,2,3,3,2,2,3,1,C,0,2,A,3,3,GA,1
117,117,1,2,1,4,2,4,4,3,3,3,0,1,C,1,2,A,2,0,MO,2
118,118,1,1,1,1,1,1,1,1,1,4,4,4,C,0,0,C,1,0,IL,0
119,119,2,3,0,3,3,3,2,2,2,2,2,2,C,0,1,A,1,0,GA,1
120,120,3,3,0,3,3,1,4,2,4,1,2,2,B,3,2,A,3,0,NY,0
121,121,2,3,2,4,3,3,2,2,2,3,2,3,C,1,2,B,3,0,IL,1
122,122,1,3,3,3,3,3,0,2,0,0,0,0,C,0,0,C,1,0,MS,3
123,123,10,5,5,5,5,4,2,3,0,0,2,1,C,1,2,A,2,0,TX,0
124,124,9,4,5,2,1,4,3,3,3,3,4,1,B,3,2,D,5,0,AL,2
125,125,5,5,2,3,0,1,2,1,4,2,1,0,B,1,0,C,2,4,FL,1
126,126,10,1,1,3,3,3,1,1,2,2,3,2,C,1,2,A,4,4,NJ,1
127,127,9,3,5,3,4,3,3,3,3,3,4,2,B,1,2,B,4,0,SD,1
128,128,7,3,3,4,0,1,2,3,3,3,2,1,B,2,3,C,4,0,CO,1
129,129,1,2,3,4,4,3,1,3,2,2,2,4,A,2,2,C,1,3,MS,3
130,130,10,5,5,5,5,5,4,4,4,0,4,4,C,2,3,C,5,0,NJ,1
131,131,9,5,5,3,1,3,1,4,3,3,4,4,B,3,3,D,3,0,NY,1
132,132,1,3,2,2,1,1,4,1,2,4,2,1,C,1,1,C,2,0,NY,0
133,133,2,5,5,4,3,4,4,3,3,3,4,3,B,1,0,E,2,2,NY,1
134,134,3,1,1,2,5,2,3,3,3,3,2,1,B,0,2,F,3,2,GA,3
135,135,3,1,3,4,5,4,1,4,4,4,4,2,B,2,2,A,4,4,AR,0
136,136,3,3,4,2,3,4,3,3,3,2,3,3,A,3,3,B,4,3,CA,2
137,137,1,3,2,4,5,5,3,1,3,3,4,3,C,0,2,C,2,0,CA,0
138,138,9,5,3,4,4,4,4,3,4,3,3,3,C,3,3,A,5,4,CA,2
139,139,4,3,2,1,2,2,2,2,2,1,1,2,A,2,1,B,2,3,TX,0
140,140,1,2,2,3,3,3,2,1,4,0,0,0,C,1,2,F,2,0,MN,0
141,141,9,3,3,3,3,3,0,3,3,2,2,2,C,1,2,B,0,0,NJ,1
142,142,2,3,4,5,4,3,1,2,1,0,1,2,A,1,1,C,2,0,AR,2
143,143,2,5,4,5,5,4,4,4,4,1,3,3,C,3,1,B,4,2,NY,2
144,144,4,4,5,3,5,4,4,4,4,2,4,3,B,3,2,D,2,4,MI,0
145,145,7,3,4,5,4,3,3,3,3,3,4,3,C,2,2,A,2,4,IL,2
146,146,7,4,5,4,5,3,1,2,2,3,4,3,B,3,3,A,5,4,NY,1
147,147,7,4,5,4,4,5,3,3,3,3,4,3,C,3,2,D,5,3,CA,1
148,148,1,5,4,5,5,4,4,4,4,3,2,4,C,3,2,C,3,0,IL,1
149,149,4,5,5,4,4,4,3,2,4,3,4,4,B,2,3,C,2,3,NY,1
150,150,1,1,1,1,3,1,2,1,1,4,4,4,C,3,3,C,1,4,KY,2
151,151,4,2,3,2,2,5,4,4,3,2,1,2,A,2,2,D,1,3,NY,1
152,152,2,2,2,3,1,3,2,1,2,1,1,1,A,1,0,C,2,1,VA,1
153,153,1,5,5,4,4,5,4,4,4,4,4,3,B,3,3,D,5,4,WA,0
154,154,7,4,3,3,1,2,3,3,3,2,2,3,B,2,2,D,0,0,CA,2
155,155,10,2,3,4,4,4,3,2,4,3,3,4,B,3,3,C,2,4,NY,3
156,156,9,1,2,4,4,5,3,3,4,3,3,4,C,2,2,B,3,0,CA,2
157,157,1,1,1,5,3,3,4,1,4,4,4,4,C,3,3,C,4,0,OH,2
158,158,1,5,4,5,5,5,4,4,4,4,3,4,C,3,3,C,5,0,NH,0
159,159,2,4,2,3,2,5,2,2,3,4,2,4,A,3,1,D,3,3,CA,1
160,160,5,2,1,3,3,3,3,2,2,2,2,2,A,2,2,A,3,0,NY,0
161,161,10,5,5,5,5,5,4,4,4,4,4,1,C,2,3,C,5,0,NY,2
162,162,1,2,2,1,2,2,0,0,0,2,2,2,C,0,1,D,4,1,IN,3
163,163,5,1,2,5,5,2,4,3,4,3,4,3,A,2,3,C,0,0,NY,1
164,164,2,3,1,4,3,3,4,2,1,4,3,1,C,2,1,E,4,4,WI,1
165,165,2,2,2,3,4,4,2,2,3,4,4,0,C,1,2,A,2,1,NY,0
166,166,1,2,2,4,4,5,3,3,4,2,3,3,A,3,2,A,4,3,NY,1
167,167,10,5,5,5,4,5,4,4,4,4,4,4,A,3,2,A,5,4,VA,2
168,168,9,5,4,4,5,3,4,1,2,3,2,3,B,2,3,D,4,4,MS,0
169,169,7,4,4,4,4,4,3,3,3,3,3,3,A,2,3,A,3,4,VA,2
170,170,8,2,2,3,2,2,1,2,1,2,2,0,C,1,3,A,3,2,NY,2
171,171,1,1,2,3,3,3,4,1,4,2,0,0,C,2,3,C,2,0,NY,1
172,172,6,5,4,4,4,5,3,3,3,3,3,3,B,0,1,C,3,0,GA,1
173,173,5,3,3,4,4,4,2,2,3,2,2,3,C,2,2,C,3,3,NY,1
174,174,1,3,2,3,0,0,3,1,3,3,3,2,B,1,3,C,3,0,MI,1
175,175,2,5,4,5,5,5,4,4,4,4,3,4,B,3,3,A,4,4,FL,2
176,176,4,3,3,3,3,3,0,0,0,0,0,0,C,0,3,E,1,2,GA,1
177,177,8,4,5,4,3,5,4,3,4,3,3,4,C,1,3,A,4,0,NY,1
178,178,1,2,2,3,4,5,3,1,4,3,4,3,C,0,2,A,1,4,MT,0
179,179,7,4,5,4,4,5,4,3,4,3,4,4,C,2,2,A,1,1,CA,1
180,180,1,2,3,4,2,2,2,3,2,1,2,3,A,0,1,B,2,0,MS,1
181,181,7,5,4,5,4,3,4,3,4,3,2,2,A,2,2,A,4,3,AZ,2
182,182,1,5,3,4,3,2,4,2,3,0,3,1,C,1,1,D,3,0,FL,1
183,183,5,3,2,3,0,0,2,1,2,0,0,0,A,2,2,E,3,0,FL,1
184,184,5,2,2,3,2,2,3,1,3,0,0,0,B,1,1,D,3,0,ME,1
185,185,10,3,3,3,4,4,3,1,1,3,3,2,B,2,2,C,1,0,CA,1
186,186,3,3,3,3,3,3,2,1,2,2,3,2,C,1,2,A,1,0,WV,0
187,187,8,0,0,0,0,0,0,1,2,0,0,0,C,0,1,D,2,0,WV,0
188,188,1,3,2,5,4,5,1,2,1,4,4,4,B,1,3,C,3,2,GA,1
189,189,7,3,3,3,3,3,4,3,3,2,2,1,C,2,2,D,4,0,AZ,1
190,190,2,2,1,4,3,3,0,1,1,3,0,0,B,1,3,C,2,1,NJ,0
191,191,10,4,5,5,5,4,4,4,4,3,4,4,A,3,3,C,5,3,NY,1
192,192,1,0,0,0,1,0,0,4,0,4,4,4,C,0,3,E,1,0,MI,3
193,193,10,5,5,5,5,5,4,4,4,4,4,4,C,3,3,A,5,0,CA,2
194,194,7,4,4,5,5,5,3,3,2,3,1,3,A,3,2,A,4,3,NJ,1
195,195,1,1,1,2,1,1,1,1,1,0,1,1,C,1,3,E,3,0,AZ,0
196,196,1,4,2,5,5,2,2,4,3,4,4,4,C,1,3,C,4,4,MD,0
197,197,4,4,3,3,3,3,3,3,3,3,3,3,B,2,1,C,2,0,MI,0
198,198,9,5,5,4,5,5,3,3,3,3,3,3,C,3,3,A,4,0,FL,2
199,199,9,2,2,3,1,1,3,2,2,4,4,4,A,2,1,A,3,0,NY,2
200,200,5,3,3,3,3,3,1,1,1,1,1,1,C,0,3,D,1,4,FL,0
201,201,1,3,2,2,5,5,2,1,3,1,3,3,B,3,3,A,3,1,NY,0
202,202,6,3,3,3,3,3,3,2,3,0,0,0,C,0,0,C,3,0,CT,1
203,203,3,4,3,3,2,2,1,2,2,4,4,3,A,2,3,C,3,0,FL,2
204,204,5,5,4,3,4,4,2,3,4,4,2,3,A,3,2,D,2,4,IL,0
205,205,1,1,1,2,2,2,1,1,1,0,4,0,C,1,0,E,2,3,TX,1
206,206,10,4,4,5,1,1,3,3,3,1,2,1,C,2,3,A,4,0,TX,1
207,207,10,4,4,2,3,3,2,3,2,3,2,1,C,2,0,E,1,0,NY,1
208,208,6,2,2,5,4,4,4,2,3,1,3,2,C,2,2,A,3,0,IN,1
209,209,9,5,5,5,3,3,4,4,4,4,4,3,C,1,3,D,2,0,FL,0
210,210,5,3,5,3,3,5,4,2,4,3,4,0,C,2,3,D,1,4,VA,1
211,211,6,5,4,4,5,4,4,3,3,4,3,2,B,3,3,C,3,0,AK,2
212,212,8,0,1,2,3,4,3,3,4,4,3,4,B,3,3,C,2,3,TX,2
213,213,1,5,1,5,4,4,4,3,4,4,3,3,A,1,2,C,4,4,NJ,1
214,214,3,2,4,1,3,2,3,3,3,3,1,1,C,2,0,A,1,4,PA,0
215,215,1,2,1,3,3,3,3,1,0,4,0,0,C,0,2,D,2,4,TX,0
216,216,2,5,4,3,2,1,3,3,4,4,3,1,A,2,1,E,5,3,IL,1
217,217,10,3,3,3,3,3,0,0,4,0,0,0,C,0,2,F,0,1,AZ,1
218,218,1,3,3,3,3,3,2,2,2,0,0,0,C,0,0,D,0,0,WV,0
219,219,5,3,1,2,2,3,3,3,3,3,4,4,A,2,2,A,1,0,TX,3
220,220,1,1,1,1,3,5,4,1,4,4,3,1,B,1,2,A,4,4,NJ,1
221,221,1,0,0,0,0,0,0,1,1,0,0,0,C,0,0,E,0,0,MS,3
222,222,1,5,5,4,5,5,3,3,3,4,2,3,A,2,2,A,1,0,CA,2
223,223,9,4,5,4,5,3,3,4,4,3,4,4,C,2,2,C,3,0,CA,2
224,224,1,2,2,3,0,0,2,1,1,3,3,3,C,1,3,A,1,0,CT,1
225,225,1,1,1,4,4,4,3,3,1,4,4,4,C,1,2,C,3,0,FL,1
226,226,9,3,3,3,2,4,3,1,3,4,4,4,A,1,2,D,2,4,NY,0
227,227,6,4,4,4,4,4,4,4,3,3,2,2,C,1,1,A,4,4,SC,0
228,228,10,1,1,1,3,4,1,1,1,3,3,3,B,1,2,C,4,0,NY,1
229,229,1,4,5,3,3,2,3,4,3,3,1,3,C,2,1,C,1,0,CA,1
230,230,5,1,1,5,3,3,1,1,1,3,3,2,A,1,2,E,4,0,LA,0
231,231,1,3,2,2,3,3,3,0,0,0,0,0,C,0,2,C,2,2,CA,0
232,232,10,5,4,5,5,5,4,4,4,4,4,4,A,2,2,A,3,3,GA,2
233,233,5,1,1,1,4,3,0,1,1,2,1,1,A,2,1,F,1,0,NE,0
234,234,5,2,2,4,3,3,3,3,2,3,3,3,C,1,3,D,4,2,MA,0
235,235,1,5,3,5,5,5,2,4,4,0,1,1,B,3,2,E,1,0,LA,0
236,236,6,1,1,2,5,5,4,1,3,3,3,3,C,2,3,C,5,0,CA,1
237,237,9,5,4,5,5,5,4,2,3,4,3,3,C,2,3,D,3,4,NC,1
238,238,10,5,5,4,5,4,4,4,4,4,3,3,C,2,2,C,2,3,CA,2
239,239,3,5,5,5,5,5,4,2,4,4,4,4,C,1,3,C,5,0,TX,2
240,240,1,0,0,0,0,2,0,1,4,4,0,1,C,1,3,D,3,0,TX,0
241,241,5,5,5,5,5,5,4,4,4,1,3,3,C,3,3,C,5,3,MD,0
242,242,6,3,4,4,0,4,3,3,3,0,0,0,C,2,2,D,1,0,NY,2
243,243,2,5,5,5,5,4,4,4,4,4,3,4,B,3,3,C,1,4,CT,1
244,244,1,4,4,5,5,4,2,1,3,3,2,3,C,2,2,A,5,0,CA,2
245,245,1,2,2,4,4,4,4,2,3,4,4,4,C,1,2,F,3,4,CO,1
246,246,1,5,4,5,5,5,3,3,2,1,1,3,B,2,3,C,3,2,FL,1
247,247,6,2,2,4,3,3,4,3,3,3,4,3,C,1,3,D,3,2,GA,0
248,248,2,5,4,5,4,4,3,3,3,3,2,1,A,2,2,C,5,3,CA,2
249,249,1,2,1,2,4,4,3,2,1,4,3,3,B,2,2,C,2,4,GA,0
250,250,1,1,1,4,4,4,4,3,3,4,4,4,C,1,3,B,4,0,DE,1
251,251,7,2,2,4,2,4,2,1,2,3,3,3,C,1,1,E,4,0,AL,0
252,252,1,3,3,3,3,3,3,2,0,0,0,0,C,0,3,F,3,0,CA,0
253,253,2,2,2,4,4,4,3,1,2,0,3,3,C,2,2,C,2,0,IL,2
254,254,7,3,3,4,3,3,3,3,3,0,0,0,C,0,2,D,2,0,GA,0
255,255,1,1,1,4,4,4,3,3,3,3,3,3,C,1,2,D,5,0,AR,1
256,256,2,3,4,3,4,3,4,3,4,3,2,1,B,2,0,D,2,0,NE,0
257,257,1,5,5,5,5,5,4,3,4,3,3,4,A,2,2,C,5,4,NY,3
258,258,6,1,4,3,2,2,4,2,3,0,2,4,B,2,3,A,1,2,FL,3
259,259,5,4,4,4,4,4,1,1,1,4,1,1,B,1,1,E,1,4,NC,0
260,260,10,3,3,5,5,3,4,3,3,1,1,1,C,2,1,A,2,0,VA,1
261,261,1,4,4,4,4,4,3,3,3,2,2,2,C,2,2,C,3,0,CA,3
262,262,8,5,3,3,3,2,4,3,3,2,3,3,A,3,2,D,3,1,CA,0
263,263,7,3,2,4,4,3,0,2,1,2,3,3,C,2,1,D,2,3,SC,1
264,264,2,2,4,4,3,2,3,3,3,3,4,3,B,1,1,D,4,2,AL,0
265,265,5,2,2,2,3,3,3,0,4,0,0,0,A,1,2,F,2,4,ID,0
266,266,3,5,5,5,5,5,4,4,4,4,4,4,B,3,3,A,4,0,TX,0
267,267,3,4,2,4,1,4,3,2,3,3,1,4,B,0,2,B,2,2,FL,2
268,268,6,3,3,3,3,4,3,3,4,2,2,4,C,1,2,B,3,0,NC,0
269,269,1,2,1,2,4,4,4,3,4,4,4,4,A,1,3,F,1,2,VA,2
270,270,2,1,1,1,1,3,1,2,3,2,1,2,A,0,2,B,1,3,VA,0
271,271,8,5,5,5,5,5,3,3,3,3,3,3,A,2,1,A,2,0,CA,2
272,272,1,3,3,3,3,3,0,2,0,0,0,0,C,0,0,E,0,4,GA,1
273,273,8,4,4,5,5,4,3,2,1,1,1,4,B,1,2,B,2,3,NY,1
274,274,5,4,3,3,4,4,2,2,2,2,3,3,A,1,2,A,3,3,TN,0
275,275,1,4,3,4,4,4,3,3,2,2,0,0,C,2,1,D,2,0,OH,1
276,276,2,4,4,5,4,4,3,3,3,3,3,3,B,3,2,C,5,3,TX,3
277,277,10,4,3,5,5,0,4,3,3,1,1,1,C,0,3,A,3,0,OR,0
278,278,1,5,5,5,5,5,4,4,4,4,4,4,B,3,3,A,0,4,AL,0
279,279,8,4,3,4,3,3,3,3,3,2,3,3,B,2,2,C,1,1,NY,2
280,280,8,1,1,3,3,4,4,4,3,3,4,4,B,1,1,B,5,3,NY,2
281,281,5,5,5,5,5,5,4,4,4,1,1,1,B,3,3,A,5,4,FL,1
282,282,6,4,4,5,4,4,4,3,3,3,3,3,B,2,3,C,2,1,IL,1
283,283,1,5,5,5,5,5,4,4,4,3,3,2,A,2,1,A,2,0,AZ,2
284,284,8,5,4,3,4,4,4,3,3,3,4,2,B,2,1,C,4,3,CA,2
285,285,10,5,4,5,3,5,4,4,4,4,4,4,A,3,3,C,4,3,NY,1
286,286,10,5,5,5,4,5,4,4,4,4,3,2,A,3,3,A,4,0,TX,2
287,287,1,1,1,1,1,1,0,1,0,4,4,0,C,1,3,D,1,4,OH,0
288,288,8,4,4,4,4,4,3,3,3,3,3,3,B,2,2,C,2,0,IL,1
289,289,7,4,4,5,5,3,3,3,4,3,3,3,B,2,2,C,3,4,NJ,0
290,290,1,5,4,5,4,4,4,2,3,1,4,2,A,3,1,B,2,1,PA,0
291,291,8,5,3,5,5,4,4,4,4,2,3,1,C,2,3,C,2,0,NY,1
292,292,5,5,5,5,5,5,4,4,4,4,4,4,C,3,3,A,5,4,CA,3
293,293,8,3,3,4,1,1,4,3,3,2,0,2,C,1,2,A,2,0,MA,3
294,294,10,4,5,4,4,3,4,3,4,4,3,3,A,3,3,C,3,4,CA,1
295,295,1,5,5,5,5,4,4,4,3,4,4,2,B,2,3,C,2,4,CA,2
296,296,7,5,4,3,2,1,3,3,3,1,2,3,C,2,2,A,3,4,WA,2
297,297,8,4,4,5,5,5,4,4,4,4,3,4,B,2,1,C,3,2,TX,1
298,298,10,5,5,5,5,5,4,4,4,4,4,4,B,3,3,A,5,4,TX,3
299,299,10,5,5,5,5,5,4,4,4,4,4,4,B,2,3,C,5,4,KY,1
300,300,9,5,4,5,3,5,4,4,4,4,3,2,B,2,2,B,5,4,NY,0
301,301,6,3,3,3,3,3,2,3,3,1,2,1,A,1,2,C,1,1,CA,1
302,302,4,4,3,4,3,5,3,3,3,2,2,1,C,2,2,A,4,0,NY,2
303,303,7,5,5,4,4,3,4,3,4,4,4,4,B,3,3,C,4,4,CA,2
304,304,1,4,4,4,4,4,3,3,3,2,2,2,A,2,2,C,3,3,GA,1
305,305,2,5,4,5,3,5,4,4,4,4,3,3,B,3,2,A,5,3,NY,1
306,306,7,5,5,5,4,1,4,3,4,4,0,1,B,3,2,B,0,3,CA,0
307,307,1,3,3,3,3,3,3,3,3,3,3,3,C,0,2,A,3,0,GA,0
308,308,5,4,4,3,2,3,3,3,3,3,2,2,A,2,2,B,3,1,FL,1
309,309,1,4,4,5,4,4,3,3,3,3,4,2,A,2,3,C,3,4,NY,1
310,310,10,4,4,4,4,4,4,4,4,4,4,4,B,3,3,A,2,4,AR,0
311,311,1,5,5,4,5,5,4,4,4,4,3,4,C,3,3,C,0,4,NY,2
312,312,9,3,2,1,4,0,3,2,1,1,0,0,C,1,2,F,5,4,IA,1
313,313,5,4,4,4,4,4,3,3,3,3,3,3,C,2,2,C,4,0,GA,1
314,314,1,5,4,3,5,4,4,3,4,4,3,2,A,2,2,A,3,1,NY,2
315,315,1,3,4,3,4,3,3,3,3,3,2,4,A,2,1,C,2,4,NY,1
316,316,3,5,4,5,4,5,3,3,3,2,3,3,A,2,3,C,2,3,GA,1
317,317,8,4,3,4,4,5,3,3,3,3,2,3,B,2,1,B,4,0,CA,2
318,318,1,5,5,5,5,5,4,4,4,4,4,4,C,3,3,C,5,0,GA,2
319,319,1,5,5,5,5,5,4,4,4,4,4,4,A,2,3,C,5,0,NY,3
320,320,3,2,3,4,4,4,3,4,3,3,0,2,C,2,2,C,2,3,NY,1
321,321,1,5,5,5,5,5,4,4,4,4,4,4,B,3,3,A,2,4,UT,0
322,322,2,5,4,3,0,4,1,3,3,1,4,1,A,3,3,B,1,4,KY,0
323,323,1,5,5,5,4,5,4,2,3,4,2,4,B,3,3,C,1,0,WV,0
324,324,9,5,4,5,5,4,4,4,4,4,4,3,C,2,2,C,4,0,CA,1
325,325,1,1,1,2,2,3,2,1,3,3,4,0,C,2,2,D,1,0,OH,0
326,326,10,5,5,4,2,5,4,1,4,4,3,1,A,2,3,E,4,0,PA,0
327,327,1,3,3,3,3,3,0,0,0,0,0,0,C,0,2,E,3,0,TN,1
328,328,5,4,5,3,3,3,3,3,3,3,3,3,B,0,1,E,2,0,TX,1
329,329,9,1,3,5,5,4,3,3,3,3,2,3,A,2,2,C,2,0,NY,1
330,330,9,5,4,5,4,5,3,3,3,3,2,4,C,2,2,C,4,2,NY,2
331,331,1,5,5,5,4,5,3,4,3,2,3,4,C,2,2,A,3,0,CA,2
332,332,9,5,3,5,4,5,4,4,4,4,3,4,B,2,3,C,5,3,TX,2
333,333,10,5,5,5,5,5,4,4,4,4,4,4,C,2,1,C,5,0,NY,3
334,334,1,5,5,5,4,3,3,3,3,4,2,2,A,2,3,C,3,3,NY,2
335,335,9,4,4,4,4,3,4,3,3,0,1,1,A,3,0,D,3,1,CA,1
336,336,1,5,5,5,5,4,3,3,3,3,2,1,A,2,3,C,1,0,WV,2
337,337,2,5,4,4,5,4,4,4,3,2,2,3,C,2,2,C,2,0,GA,2
338,338,6,4,4,5,4,4,3,3,3,0,0,2,C,1,2,D,4,0,WI,0
339,339,5,5,5,5,5,5,4,4,4,3,4,4,B,3,1,E,2,4,CA,0
340,340,1,5,5,5,5,5,4,4,4,4,1,1,A,3,2,C,0,4,NY,2
341,341,10,5,5,5,5,5,4,4,4,3,4,4,B,2,3,A,4,0,NY,3
342,342,1,4,4,5,5,4,4,4,3,2,3,3,B,3,2,C,3,0,CA,1
343,343,8,4,5,4,5,4,4,3,3,2,3,2,A,2,3,C,2,2,CA,1
344,344,10,5,5,5,5,5,4,4,4,4,4,4,B,2,2,C,2,0,CA,1
345,345,1,4,3,4,3,3,3,3,3,3,2,2,C,0,2,A,3,1,CA,2
346,346,4,5,5,4,5,5,4,4,4,4,3,4,B,3,3,E,4,4,NY,2
347,347,9,3,4,4,4,4,3,2,3,2,2,2,C,2,3,D,3,0,CA,1
348,348,10,5,4,4,4,4,4,4,3,2,2,1,A,2,2,D,3,0,CA,0
349,349,1,4,2,4,2,2,2,3,1,4,3,4,B,2,2,C,1,3,NY,1
350,350,3,3,3,3,2,1,2,3,2,2,2,4,A,2,1,B,2,4,FL,1
351,351,1,5,5,5,5,5,4,3,4,4,4,4,B,3,2,C,4,4,NY,3
352,352,1,5,5,5,5,3,4,3,4,3,4,3,C,2,2,C,5,0,OK,1
353,353,10,4,3,3,5,2,4,4,4,4,3,3,B,3,3,A,1,4,TX,2
354,354,3,3,3,3,3,3,3,3,3,2,2,3,A,1,2,C,3,1,NY,0
355,355,1,4,4,5,5,5,2,2,2,4,3,4,A,2,3,C,5,3,FL,1
356,356,10,5,5,5,5,5,4,4,4,4,4,4,B,3,3,A,5,4,TX,3
357,357,6,3,2,2,3,3,2,2,2,3,2,0,A,2,2,D,2,2,NY,1
358,358,1,2,0,0,0,0,0,0,0,0,0,0,C,0,3,C,3,0,TX,0
359,359,4,3,1,3,4,4,3,2,4,2,1,1,C,1,2,D,4,2,CO,2
360,360,10,5,5,3,4,4,2,3,4,4,4,3,B,3,2,B,4,4,CA,0
361,361,1,5,2,5,5,5,4,2,4,4,3,3,C,1,2,B,5,4,PA,1
362,362,8,4,4,3,3,3,3,3,4,3,4,3,C,2,2,C,5,0,MD,1
363,363,1,1,1,3,1,1,1,1,1,3,1,1,B,1,2,D,3,1,IN,0
364,364,5,3,1,5,4,4,3,1,3,4,4,3,C,0,3,D,4,0,NC,0
365,365,7,2,4,3,3,4,3,3,3,2,3,4,A,2,3,C,3,0,MS,1
366,366,6,4,4,4,4,4,0,2,0,0,0,0,C,0,2,F,5,0,CA,1
367,367,1,5,4,5,4,4,3,4,3,3,4,4,A,2,1,A,3,1,CA,2
368,368,1,3,5,4,4,3,2,4,4,2,3,2,B,3,2,C,0,2,NJ,1
369,369,1,2,1,3,2,2,1,2,1,3,3,0,C,2,3,C,2,0,SC,1
370,370,1,2,3,3,3,3,0,1,2,2,1,3,C,1,2,C,1,0,PA,1
371,371,9,4,3,4,4,5,3,3,3,3,4,3,B,3,2,C,4,2,IL,1
372,372,7,1,4,3,2,4,3,3,2,3,4,3,A,1,2,A,5,0,NY,1
373,373,2,4,4,4,4,0,4,2,1,4,3,0,C,1,2,A,2,0,VA,1
374,374,2,5,4,3,2,1,4,3,4,2,3,4,A,3,3,A,5,0,NV,2
375,375,5,5,5,5,5,4,3,4,4,4,4,3,A,0,2,B,0,2,VA,2
376,376,1,5,4,5,4,5,4,3,4,3,4,3,C,2,3,C,4,0,TX,2
377,377,6,5,5,5,5,5,4,4,4,1,2,2,A,2,2,C,4,1,CA,1
378,378,2,1,1,1,1,1,0,0,1,2,0,1,B,1,1,E,2,0,IL,0
379,379,9,2,2,4,0,0,3,3,2,1,1,1,C,2,1,B,3,0,OH,0
380,380,2,3,3,4,3,3,4,2,3,1,1,1,B,2,1,A,1,0,SC,2
381,381,1,5,5,4,5,5,4,4,4,3,3,4,B,3,3,C,5,4,NY,2
382,382,1,4,4,5,5,5,4,1,3,4,4,4,B,2,3,C,3,0,FL,2
383,383,9,3,0,4,4,2,4,2,4,2,2,3,B,3,2,B,1,4,FL,1
384,384,8,3,2,3,3,2,2,2,2,2,1,2,A,1,2,B,3,3,WA,1
385,385,1,2,5,0,2,2,0,2,2,3,1,1,C,0,1,D,1,0,IL,0
386,386,1,5,5,5,5,5,4,4,4,4,4,4,C,3,3,A,5,0,NY,3
387,387,2,4,2,2,3,5,3,1,3,1,0,3,A,2,2,D,0,2,TX,1
388,388,6,2,0,0,1,0,1,1,1,2,2,2,C,0,0,F,3,0,PA,1
389,389,8,4,5,5,3,3,3,3,3,3,3,4,A,2,2,A,4,0,NJ,1
390,390,2,2,2,2,2,2,1,4,2,3,1,2,A,1,0,B,2,2,PA,0
391,391,9,5,3,5,4,5,1,4,4,3,4,2,B,3,1,A,5,4,NY,1
392,392,7,1,1,1,1,2,1,1,1,3,1,1,C,1,2,A,4,2,OH,1
393,393,10,4,3,4,4,3,4,2,3,1,2,1,C,1,3,A,3,2,IN,1
394,394,2,3,3,2,3,3,3,3,3,2,1,3,B,1,1,C,2,3,TX,3
395,395,5,4,3,5,4,5,3,3,2,0,2,3,C,1,2,B,2,0,IL,1
396,396,3,1,4,3,5,2,2,2,3,3,3,3,C,2,2,C,4,0,OH,1
397,397,5,2,1,2,4,1,1,1,1,0,3,2,B,1,2,D,1,2,CT,0
398,398,9,5,4,5,5,5,4,3,3,4,3,3,B,2,1,A,2,2,MO,2
399,399,2,4,2,5,3,3,3,1,3,3,3,3,C,2,3,D,2,0,NY,2
400,400,1,3,4,5,5,5,2,2,2,4,4,4,B,2,3,C,4,0,NY,1
401,401,1,2,1,4,5,3,3,1,1,4,4,3,A,1,2,B,0,0,FL,0
402,402,1,4,2,4,0,0,3,2,1,0,3,3,B,0,2,D,3,2,RI,0
403,403,9,5,5,5,5,5,4,3,4,4,4,4,A,2,2,A,4,3,GA,2
404,404,10,5,5,5,5,5,4,3,4,4,0,2,C,3,3,C,4,0,NY,1
405,405,8,0,0,0,0,0,0,0,0,0,0,0,C,0,3,C,0,0,TX,0
406,406,5,3,0,0,0,0,0,2,0,0,0,0,C,0,1,A,2,0,CA,1
407,407,8,2,2,3,3,3,2,2,2,3,1,3,A,1,1,C,1,3,VA,0
408,408,5,4,2,4,3,3,4,2,0,2,1,1,C,1,1,E,3,0,WY,0
409,409,10,2,2,3,4,4,3,2,3,4,3,3,C,1,2,D,2,3,FL,0
410,410,1,1,1,3,3,3,1,1,1,4,0,0,B,1,3,C,0,4,LA,0
411,411,10,5,5,5,5,5,4,4,4,4,4,4,B,3,3,F,5,4,IL,3
412,412,1,1,2,4,2,3,1,1,2,3,3,4,A,2,2,C,2,3,TX,1
413,413,1,4,4,4,4,5,4,4,1,1,4,1,C,1,2,D,4,4,IN,1
414,414,1,3,2,2,3,3,2,1,3,3,3,3,C,1,3,B,2,2,PA,0
415,415,10,5,5,5,5,5,4,4,4,4,3,4,A,3,3,A,3,0,TX,1
416,416,7,3,4,5,3,3,3,2,3,0,2,3,C,2,1,E,4,0,WI,0
417,417,1,1,2,4,4,0,3,2,3,4,1,1,C,2,1,D,0,3,SC,2
418,418,5,1,1,1,1,1,1,1,2,2,2,2,C,1,0,A,2,0,NC,3
419,419,8,5,5,4,4,5,4,3,4,3,4,4,A,2,2,C,5,0,CA,0
420,420,3,3,1,2,2,2,2,1,0,0,1,1,C,1,0,F,1,0,IA,0
421,421,9,1,1,3,3,3,3,1,2,1,0,2,C,3,2,F,3,0,TX,1
422,422,1,3,3,4,3,3,3,2,3,0,2,0,C,0,2,A,3,4,TX,0
423,423,1,3,3,3,0,0,0,2,0,0,1,2,B,2,0,D,3,4,AR,1
424,424,1,2,1,5,5,5,4,2,4,4,4,4,C,1,2,D,2,0,FL,0
425,425,2,4,3,5,4,4,3,3,3,2,2,3,A,2,2,C,2,3,WA,1
426,426,1,1,2,3,2,4,4,1,4,3,2,2,C,1,2,C,5,1,NJ,2
427,427,2,4,3,5,4,4,1,1,1,0,0,0,C,2,3,B,5,0,GA,0
428,428,8,4,4,5,5,5,4,3,4,2,2,2,C,2,3,A,4,0,FL,1
429,429,5,4,5,5,5,4,3,3,4,3,0,3,C,2,2,C,5,3,NY,2
430,430,10,4,4,5,5,5,4,4,4,2,2,2,C,2,0,F,3,0,NV,1
431,431,1,1,1,4,2,2,3,1,1,4,3,3,C,1,2,A,4,2,WA,0
432,432,9,4,4,5,5,4,4,3,0,0,0,2,C,1,2,D,0,4,VA,1
433,433,2,4,4,4,4,4,3,2,4,3,3,3,C,2,2,D,3,3,IL,1
434,434,1,4,3,5,4,4,3,3,3,3,3,1,A,2,3,D,3,0,KY,0
435,435,10,4,4,5,5,5,4,3,4,3,3,3,C,2,0,D,5,4,PA,0
436,436,10,5,4,5,5,5,4,3,3,1,1,1,C,2,3,A,4,2,NC,0
437,437,10,5,5,5,5,5,4,4,4,0,2,1,C,2,2,A,4,2,NY,3
438,438,5,4,2,5,3,3,3,2,2,3,4,1,C,0,2,D,3,3,MO,0
439,439,4,2,2,4,2,3,3,3,3,4,3,3,C,2,3,D,2,4,NV,2
440,440,5,1,2,1,2,3,3,3,1,0,0,0,B,1,3,D,4,2,WV,0
441,441,1,1,1,4,4,4,3,3,2,3,3,3,C,1,2,D,0,0,MA,0
442,442,1,4,4,5,4,4,3,3,3,3,3,3,A,3,2,D,3,4,WV,0
443,443,7,3,3,3,3,3,3,3,3,3,3,3,C,2,1,D,3,0,AR,1
444,444,5,4,5,5,5,3,4,3,3,0,0,3,A,2,2,D,4,3,HI,1
445,445,7,5,4,2,3,2,2,4,4,4,1,2,A,3,3,D,4,0,OH,2
446,446,1,3,2,4,4,4,4,2,2,2,1,1,C,0,0,A,0,1,MI,1
447,447,1,3,3,3,3,3,4,2,4,4,4,1,B,1,2,A,5,4,OH,0
448,448,5,1,2,4,3,2,3,1,3,1,3,1,A,1,2,E,4,3,FL,0
449,449,8,3,3,4,4,3,3,3,1,1,2,2,C,0,3,D,3,0,FL,2
450,450,3,3,3,3,4,3,2,3,2,1,2,2,A,1,2,D,2,3,CT,0
451,451,2,2,1,3,4,1,2,3,3,3,2,1,A,2,1,D,0,2,AR,0
452,452,7,2,2,4,3,3,3,3,2,3,2,3,A,3,1,F,3,4,MA,1
453,453,2,2,1,4,4,0,3,2,3,3,2,2,C,2,1,C,4,3,IL,0
454,454,10,5,5,5,5,5,4,4,4,4,4,4,B,3,3,A,1,4,TX,0
455,455,5,4,4,3,4,5,3,3,3,1,2,1,C,2,3,C,5,0,CA,1
456,456,10,2,2,2,3,2,2,2,4,2,2,2,C,1,2,D,3,0,NC,0
457,457,6,3,3,3,3,3,0,2,0,0,0,0,C,0,2,F,3,0,CA,1
458,458,6,4,5,5,4,4,4,4,4,0,0,0,C,2,3,D,3,0,GA,2
459,459,9,5,5,4,5,5,4,4,4,4,4,4,B,3,3,C,5,2,CA,1
460,460,10,3,3,5,3,1,4,3,4,1,1,1,C,3,0,A,1,0,LA,2
461,461,2,2,2,4,4,4,3,1,1,3,2,3,C,2,3,C,3,0,TX,0
462,462,1,2,2,2,2,2,4,4,4,3,3,3,B,2,3,A,4,0,AZ,0
463,463,10,1,1,3,3,3,2,2,1,0,1,1,C,0,0,F,5,0,NC,1
464,464,1,3,4,5,3,4,3,3,2,3,4,2,A,2,2,B,4,2,NJ,2
465,465,10,5,5,5,5,5,4,4,4,4,4,4,C,0,2,E,0,0,OH,3
466,466,5,3,3,3,3,3,0,0,0,0,0,0,C,0,0,C,0,0,IN,1
467,467,7,1,2,4,3,3,3,3,3,2,3,2,A,2,2,D,4,0,GA,2
468,468,6,1,1,4,1,1,3,1,3,4,3,3,C,2,3,D,3,4,OH,0
469,469,3,3,1,5,5,5,3,1,3,3,4,0,C,1,2,D,2,4,OH,0
470,470,10,2,2,4,4,2,3,2,3,1,1,1,C,3,2,F,3,2,CA,0
471,471,1,2,2,2,2,2,3,3,1,1,2,2,C,3,1,D,1,3,DC,1
472,472,7,5,4,5,5,4,4,4,4,4,3,4,B,3,2,C,4,3,GA,2
473,473,2,5,4,5,5,5,3,3,4,2,2,4,C,3,2,C,3,0,CA,1
474,474,10,5,5,5,5,5,4,4,4,1,1,3,A,3,3,C,2,1,CA,1
475,475,10,2,2,4,4,3,4,1,4,1,1,1,C,3,1,F,4,0,TN,1
476,476,10,5,5,5,5,5,4,4,4,4,4,4,C,3,2,E,5,4,AL,2
477,477,2,2,1,3,2,2,0,2,1,0,0,0,C,1,2,C,1,0,WI,0
478,478,3,4,3,5,4,4,4,3,2,2,2,1,C,1,2,D,4,0,MS,0
479,479,5,3,3,3,3,3,3,2,3,3,2,3,B,2,2,A,2,0,TX,0
480,480,1,4,4,4,4,4,3,3,3,1,2,2,C,2,2,C,2,0,CA,2
481,481,2,3,2,2,3,3,3,4,2,3,0,2,C,2,1,C,1,3,CA,0
482,482,2,4,4,4,4,4,4,4,4,4,3,4,C,2,2,C,1,0,CA,1
483,483,1,5,5,4,4,5,4,3,3,3,4,3,B,3,2,A,4,2,NY,3
484,484,1,2,1,5,5,5,4,3,4,4,4,4,A,1,3,D,5,1,CO,1
485,485,8,4,5,4,4,3,3,3,3,3,4,2,A,2,2,A,5,3,CA,1
486,486,3,1,2,4,1,1,3,1,2,4,3,3,A,1,2,C,3,0,NC,0
487,487,1,4,2,4,2,4,3,3,2,4,2,3,A,1,2,C,5,3,TX,1
488,488,7,5,5,5,5,5,2,4,4,2,3,4,B,3,2,C,2,0,AL,1
489,489,10,5,5,5,5,5,4,3,3,4,2,2,A,3,2,C,3,3,CA,1
490,490,6,2,3,3,4,4,2,2,2,0,3,3,C,2,2,D,4,0,MS,1
491,491,1,4,2,4,4,3,2,3,3,2,3,2,A,2,3,C,1,2,NC,0
492,492,5,5,5,5,5,5,4,4,4,1,1,1,A,3,3,C,5,0,NY,1
493,493,10,3,3,3,3,3,4,4,4,4,4,4,A,1,1,F,5,0,AL,0
494,494,10,2,2,2,4,4,3,4,3,4,4,4,A,1,1,D,3,3,AL,0
495,495,2,1,1,3,5,5,4,1,3,3,0,1,C,1,2,B,4,2,TX,1
496,496,7,5,4,5,4,4,3,3,3,1,1,3,A,2,2,C,2,4,IL,2
497,497,2,2,2,4,4,3,3,2,3,3,3,2,B,2,3,A,3,4,VA,1
498,498,7,4,3,5,4,3,4,3,3,2,2,2,A,2,2,A,4,0,TX,0
499,499,1,3,4,3,4,5,4,2,3,3,4,3,C,0,2,B,4,0,TX,0
500,500,8,4,4,5,4,3,4,3,4,3,3,0,C,1,2,D,4,0,FL,1
501,501,2,5,4,3,4,4,2,3,3,2,3,3,B,2,2,C,2,3,FL,1
502,502,7,5,5,5,5,4,4,4,3,3,2,3,C,3,3,C,2,0,GA,2
503,503,1,5,3,4,3,3,1,1,3,4,0,0,B,1,3,C,2,1,AR,0
504,504,7,5,3,2,4,4,4,4,4,4,2,1,B,3,1,E,2,4,LA,1
505,505,10,5,5,4,5,5,4,4,4,4,3,4,B,3,2,D,5,3,FL,1
506,506,9,4,5,4,4,4,3,4,3,3,3,4,B,3,1,C,2,0,CA,1
507,507,3,2,1,2,3,3,2,2,1,2,1,1,B,1,0,D,5,0,NC,1
508,508,6,3,4,2,2,4,2,3,2,2,2,2,A,2,2,B,4,3,NJ,1
509,509,1,5,3,5,1,1,4,3,1,4,1,0,C,0,3,D,1,0,GA,1
510,510,10,5,5,5,5,5,4,3,4,4,4,4,B,3,3,A,5,4,NY,2
511,511,1,4,4,5,4,3,4,3,3,0,0,2,C,2,2,D,4,0,NY,1
512,512,5,3,3,3,3,3,0,0,0,0,0,0,A,0,3,A,1,1,NJ,0
513,513,10,5,5,5,3,4,3,2,3,2,2,3,C,1,2,C,0,0,NY,2
514,514,1,5,5,5,5,5,4,2,4,4,2,0,C,3,3,C,4,0,NY,3
515,515,1,5,4,5,5,4,4,3,3,3,4,3,A,2,3,C,0,0,NY,2
516,516,7,4,4,4,4,4,3,3,3,3,2,3,C,2,1,D,3,0,CA,1
517,517,10,3,5,4,5,4,4,3,3,3,4,3,C,2,3,C,4,0,CA,2
518,518,1,5,5,5,5,5,4,4,4,4,4,4,C,3,2,C,5,3,OH,2
519,519,5,3,3,4,4,4,3,2,3,3,4,3,C,2,3,C,4,0,NY,1
520,520,2,3,3,3,3,3,0,0,0,2,0,0,A,0,0,E,1,4,TX,0
521,521,1,5,2,4,4,3,3,2,3,3,2,2,B,2,2,D,2,0,NY,1
522,522,1,2,3,2,3,3,3,1,3,0,3,2,C,2,3,A,2,0,TX,0
523,523,1,5,5,5,5,5,4,4,4,1,2,4,B,3,3,C,5,0,NY,2
524,524,7,4,3,5,3,3,3,3,2,2,2,1,C,0,2,F,3,0,TX,0
525,525,5,2,2,5,5,4,4,4,3,0,0,0,B,0,1,D,3,0,MT,0
526,526,1,5,5,5,4,4,3,3,3,2,3,3,C,2,2,C,3,0,NY,2
527,527,1,3,2,3,5,5,4,1,4,3,3,3,C,0,3,B,3,0,PA,1
528,528,4,4,2,4,3,3,4,3,3,3,2,2,C,1,1,F,3,0,TX,1
529,529,5,4,3,3,4,4,3,3,2,3,3,2,A,2,2,A,4,0,SC,2
530,530,1,4,4,4,3,3,3,2,3,3,3,2,C,2,3,C,3,1,NY,1
531,531,10,5,5,5,5,5,4,4,4,3,0,3,B,2,3,D,5,1,NY,3
532,532,9,2,3,3,3,3,3,2,4,2,3,3,C,2,2,C,3,0,TN,0
533,533,6,4,4,2,5,4,4,4,4,3,3,2,B,3,1,C,1,0,GA,1
534,534,7,3,3,4,4,4,1,2,2,3,3,3,C,2,3,D,4,0,MA,1
535,535,2,1,1,4,1,0,4,3,4,1,1,1,A,0,2,D,1,0,CA,0
536,536,5,3,3,3,3,3,2,2,0,2,2,2,C,0,3,F,0,0,MA,1
537,537,10,2,3,3,4,0,4,3,3,1,1,1,B,2,2,D,2,0,PA,0
538,538,3,4,5,5,5,5,4,2,4,2,1,3,A,2,1,C,2,0,SC,1
539,539,5,4,4,5,5,5,3,3,3,0,3,4,A,2,2,C,4,0,NY,2
540,540,7,3,3,4,4,0,4,3,3,1,1,1,C,2,2,A,1,0,CO,1
541,541,3,4,4,5,5,5,3,4,3,3,3,2,A,2,2,C,3,1,NY,1
542,542,1,1,1,4,4,4,3,2,1,4,4,4,C,2,3,D,3,0,IL,0
543,543,10,1,1,1,1,1,1,1,1,2,2,2,C,2,0,E,1,0,GA,1
544,544,2,5,4,4,3,4,4,3,4,4,3,3,A,2,1,B,3,3,TN,1
545,545,1,2,4,3,3,2,2,4,4,2,2,2,A,3,2,E,3,3,CA,0
546,546,5,2,3,4,3,3,4,2,3,1,3,2,C,1,0,A,4,4,NJ,1
547,547,1,4,1,4,5,5,4,2,2,4,4,3,C,1,3,D,1,2,VA,1
548,548,6,2,1,4,3,3,4,2,2,0,2,0,C,1,2,A,2,0,PA,1
549,549,8,3,4,4,5,5,3,2,3,3,2,3,A,2,2,D,3,0,TX,0
550,550,10,3,2,5,3,3,4,1,2,0,0,0,B,0,1,D,4,0,NC,1
551,551,8,5,4,4,4,5,3,3,3,1,2,3,B,2,1,B,2,3,AZ,1
552,552,7,5,5,5,4,5,3,3,3,2,2,3,B,3,2,C,3,0,NY,2
553,553,2,3,2,3,2,2,3,3,2,2,2,1,A,3,2,C,1,3,CA,0
554,554,10,3,3,3,3,3,4,4,4,4,4,4,A,2,3,A,4,0,PA,1
555,555,9,5,5,5,4,4,4,4,4,1,3,3,C,1,2,A,3,4,FL,1
556,556,1,3,3,3,3,3,3,1,2,3,3,3,C,1,3,F,0,0,IL,1
557,557,1,5,5,5,5,5,4,2,4,4,4,1,C,1,2,C,5,0,CA,2
558,558,2,5,5,3,3,0,2,2,3,2,1,2,B,1,1,C,2,2,NY,0
559,559,1,5,5,5,5,5,3,1,4,3,3,3,C,2,3,F,5,4,NY,1
560,560,7,4,4,4,4,3,4,2,4,2,0,0,C,2,2,D,0,0,CA,0
561,561,1,2,2,2,2,2,4,3,4,2,2,2,B,3,2,C,4,2,CA,2
562,562,9,4,4,5,4,4,3,3,2,3,3,3,A,2,2,A,2,3,WA,1
563,563,4,3,5,4,5,5,3,3,3,3,4,4,A,2,2,C,4,0,NY,0
564,564,10,4,4,3,5,5,4,0,4,0,1,1,C,0,2,D,2,4,VA,1
565,565,3,4,3,3,4,4,3,2,3,3,3,2,B,1,2,A,2,1,MD,0
566,566,8,1,1,5,3,3,1,2,1,2,2,2,C,1,2,F,1,2,OH,0
567,567,6,3,3,3,3,3,0,0,0,0,0,0,C,1,1,C,1,0,CO,1
568,568,10,4,4,5,5,3,3,3,3,1,1,1,C,2,3,A,2,0,CA,1
569,569,3,4,4,5,5,5,4,3,4,1,2,1,C,3,0,A,3,0,NC,1
570,570,1,1,1,1,1,1,1,1,1,3,3,2,B,1,2,D,0,2,MA,0
571,571,2,3,1,3,3,1,4,3,3,2,1,1,C,0,2,F,2,4,UT,0
572,572,1,3,2,5,3,3,0,0,1,3,0,0,C,3,2,E,0,0,KS,0
573,573,4,4,2,4,3,1,1,3,3,0,3,2,C,2,2,C,3,0,PA,2
574,574,1,1,1,4,5,5,4,1,1,3,0,0,C,1,2,D,0,0,NJ,1
575,575,10,4,3,4,4,3,3,4,3,1,1,1,C,3,0,F,1,2,MN,1
576,576,9,2,2,2,2,2,3,3,2,1,1,2,C,2,1,C,5,3,NY,1
577,577,5,5,5,5,5,5,4,4,4,4,3,4,C,3,2,C,5,0,CA,3
578,578,6,4,4,5,5,4,4,1,4,2,2,1,C,2,3,A,4,0,NJ,1
579,579,1,4,3,4,4,4,2,2,3,3,3,3,C,2,2,F,1,4,FL,1
580,580,3,4,2,4,4,4,3,2,3,3,3,2,C,1,2,E,3,2,KY,0
581,581,1,5,5,5,5,1,4,4,4,1,1,1,C,2,0,A,1,0,NY,0
582,582,7,4,2,4,3,3,3,3,3,3,1,2,C,1,0,C,2,2,OH,1
583,583,6,3,3,3,3,3,2,2,2,0,0,0,B,2,1,C,3,1,OH,1
584,584,10,5,5,5,5,5,4,4,4,4,4,4,C,3,3,A,4,0,NV,1
585,585,1,1,1,1,1,1,1,1,1,3,2,2,C,0,1,C,1,2,TX,1
586,586,2,0,1,2,2,3,3,3,2,2,2,2,A,2,1,B,2,4,DC,0
587,587,10,1,1,1,1,1,1,1,1,4,1,1,C,0,0,F,1,0,MI,0
588,588,4,1,1,3,2,1,1,2,1,3,3,3,C,2,2,D,1,2,NE,0
589,589,5,0,0,0,0,0,0,0,0,0,0,0,C,0,2,E,1,2,AR,0
590,590,5,1,3,3,0,2,4,4,2,4,0,1,B,3,1,A,2,3,HI,0
591,591,10,5,5,5,4,3,4,4,1,1,1,1,A,1,3,D,2,0,MN,2
592,592,1,4,3,5,5,5,4,4,4,4,0,3,C,1,0,E,1,0,IN,1
593,593,1,5,5,5,5,5,2,2,3,4,4,4,B,3,3,D,5,2,AR,0
594,594,7,4,3,5,4,4,3,1,3,3,2,3,A,2,3,C,4,0,IL,1
595,595,5,3,3,3,2,3,0,0,0,2,1,4,C,0,0,A,3,0,MO,2
596,596,2,3,4,4,4,4,3,3,3,3,2,1,A,2,2,A,3,0,CA,0
597,597,6,3,2,4,3,3,3,3,4,3,3,3,C,2,2,D,3,0,WV,0
598,598,10,2,2,4,3,5,4,4,4,4,4,4,B,3,3,D,2,0,NY,1
599,599,10,3,3,3,3,3,4,4,4,0,0,0,C,1,2,B,5,0,NC,0
600,600,3,1,1,2,2,3,2,1,1,4,3,3,C,1,3,D,3,0,NC,1
601,601,7,5,3,5,4,3,3,3,3,3,4,3,B,2,2,A,4,3,CA,0
602,602,1,2,2,4,4,4,2,2,2,4,3,3,C,1,1,D,3,2,VT,1
603,603,10,4,4,4,4,4,3,3,3,3,3,3,A,2,2,A,2,4,KY,1
604,604,1,1,1,3,3,2,1,1,1,1,1,4,A,1,0,C,2,0,MD,1
605,605,9,2,2,3,4,2,3,4,2,1,2,2,C,2,1,A,2,4,GA,0
606,606,10,5,4,4,4,5,4,4,4,4,3,4,B,2,3,A,4,4,MS,1
607,607,3,4,4,4,3,3,3,3,3,2,3,2,C,2,2,C,2,3,NY,1
608,608,2,5,5,3,5,5,4,4,4,3,4,3,A,2,3,D,5,3,NY,2
609,609,2,5,5,5,5,5,4,4,3,0,4,2,C,2,3,C,4,4,CA,2
610,610,1,3,3,5,5,5,4,1,3,0,3,3,C,0,2,D,4,1,CO,1
611,611,1,5,4,5,4,5,4,4,4,4,3,4,C,3,3,E,4,4,NY,3
612,612,6,1,1,4,4,4,4,2,4,1,0,1,C,1,2,F,1,0,PA,2
613,613,2,2,2,3,3,3,3,1,1,3,2,2,C,1,3,B,0,1,MO,0
614,614,1,3,4,4,1,2,3,3,1,4,4,4,C,1,2,E,2,2,MO,2
615,615,1,4,4,5,5,5,4,3,4,4,0,0,C,2,3,F,3,0,TX,0
616,616,2,1,2,5,0,5,4,3,4,3,4,3,C,2,2,D,3,0,FL,1
617,617,10,5,5,5,4,5,4,4,4,4,3,4,B,3,1,A,3,3,LA,1
618,618,1,3,3,3,3,3,2,2,2,1,1,3,C,2,2,E,4,0,FL,1
619,619,8,4,4,3,2,3,3,3,3,3,2,2,A,3,2,C,5,1,NY,1
620,620,10,5,5,5,5,5,4,4,4,1,1,1,C,1,2,D,4,0,OR,1
621,621,3,4,5,5,5,4,4,3,3,3,4,4,B,2,3,B,5,4,PA,1
622,622,1,3,3,4,4,3,4,2,4,3,3,0,C,2,2,A,3,2,TN,1
623,623,1,2,2,5,0,4,3,1,0,0,0,3,C,0,2,E,2,0,CT,1
624,624,7,2,2,3,4,3,3,2,3,2,2,2,C,2,1,D,3,0,CA,0
625,625,5,5,5,5,5,5,4,4,4,3,3,3,B,3,2,C,2,0,KY,1
626,626,1,2,2,4,3,5,4,1,4,0,4,4,A,1,1,A,3,4,CT,1
627,627,3,0,0,0,0,0,0,0,0,0,0,0,C,0,0,A,3,1,TX,1
628,628,1,1,1,3,1,1,1,1,1,3,3,2,A,1,2,C,4,3,TX,0
629,629,6,2,2,3,3,3,4,2,3,3,0,0,C,0,1,F,3,1,NC,1
630,630,1,1,1,3,3,3,4,2,4,4,1,1,C,2,1,D,3,0,IN,0
631,631,1,3,3,3,3,3,3,3,0,0,0,0,C,0,2,A,2,0,IA,1
632,632,5,5,5,5,4,4,2,2,4,2,1,4,C,2,1,E,2,4,NM,0
633,633,1,1,1,2,3,2,1,1,1,0,4,3,A,1,2,E,4,2,NC,0
634,634,10,4,4,4,4,0,3,4,4,4,4,4,C,2,1,A,5,3,GA,1
635,635,2,2,2,4,4,4,3,2,1,4,4,3,B,1,2,D,5,3,OH,2
636,636,1,1,1,2,2,2,1,1,1,4,4,3,C,2,2,F,3,4,MN,0
637,637,1,3,3,5,4,5,4,4,3,4,2,1,C,3,0,D,3,2,OH,0
638,638,1,2,1,3,3,3,2,1,1,3,4,3,C,1,2,E,3,0,FL,1
639,639,3,3,3,3,3,3,2,2,2,0,0,0,C,0,1,E,0,2,IN,0
640,640,1,2,1,1,2,0,1,1,2,4,4,3,A,1,2,C,2,4,FL,1
641,641,3,5,2,5,5,3,4,4,2,3,2,1,C,1,1,F,3,0,OH,2
642,642,3,2,2,5,0,4,4,2,2,3,0,2,C,1,3,D,3,0,NY,0
643,643,1,2,1,1,2,1,2,1,2,4,3,3,C,2,2,D,0,1,PA,0
644,644,7,3,3,4,4,4,3,3,4,1,1,2,C,0,2,A,3,0,MI,1
645,645,1,0,0,0,0,0,0,0,0,0,0,0,C,0,3,C,0,0,SC,1
646,646,2,2,2,3,3,3,4,3,3,3,3,3,C,0,3,D,3,0,OR,1
647,647,2,3,2,4,4,3,3,3,3,3,3,3,C,1,0,E,4,1,NJ,0
648,648,6,2,2,3,5,5,3,2,4,3,3,3,C,2,2,D,2,3,NJ,0
649,649,10,5,5,5,5,5,3,2,4,3,2,3,C,0,3,A,3,0,CA,0
650,650,10,3,4,4,5,0,4,3,3,2,2,2,C,2,2,D,3,2,AZ,0
651,651,10,3,1,2,4,4,1,2,1,0,3,2,C,2,1,E,4,1,AR,1
652,652,6,3,2,4,3,3,2,1,2,1,3,2,C,1,1,A,5,0,AZ,0
653,653,1,2,2,2,4,3,3,2,1,0,0,0,C,2,2,A,3,4,AR,0
654,654,1,1,1,1,2,1,4,2,1,0,1,1,C,3,2,D,1,0,TX,0
655,655,10,1,1,3,5,5,3,2,3,3,2,3,C,2,3,E,4,0,MO,1
656,656,3,4,4,4,3,5,3,1,1,4,0,2,C,2,2,A,4,2,NY,0
657,657,5,3,3,3,3,3,0,0,0,0,0,0,C,0,2,A,0,0,CA,1
658,658,5,4,4,5,5,5,4,3,4,3,2,2,C,0,1,D,4,3,MO,1
659,659,5,4,4,4,4,3,4,3,4,0,0,0,C,1,1,F,4,0,GA,1
660,660,5,2,2,5,4,4,4,2,3,0,0,0,C,2,3,D,4,0,GA,1
661,661,7,4,4,4,4,0,4,3,2,3,3,2,B,1,2,D,3,0,IL,1
662,662,8,2,4,5,4,4,3,4,4,2,0,3,C,1,2,C,4,4,NY,2
663,663,5,4,3,3,5,3,3,2,3,2,3,3,C,2,1,E,2,0,NJ,1
664,664,9,4,3,4,3,3,3,1,4,4,4,1,A,0,2,D,3,4,MI,0
665,665,10,4,4,2,4,5,3,3,3,3,3,4,A,0,1,A,3,0,KY,0
666,666,4,4,5,4,5,4,4,3,3,3,1,2,A,3,3,E,5,4,WA,0
667,667,4,5,5,5,5,5,4,4,4,4,4,4,C,2,3,A,5,0,FL,3
668,668,5,4,4,4,4,4,0,0,0,0,0,0,C,0,0,E,3,0,NC,1
669,669,1,4,1,4,4,3,4,1,1,4,3,4,C,1,3,D,4,4,TX,1
670,670,1,5,5,5,5,5,4,4,4,4,4,4,B,3,2,A,2,0,MO,0
671,671,3,2,1,3,0,0,3,2,1,3,0,0,B,0,2,D,0,0,NJ,1
672,672,10,5,5,5,5,5,4,4,4,4,4,4,A,3,2,A,2,0,CA,3
673,673,10,4,4,4,5,3,4,1,4,3,2,1,C,2,3,D,3,4,CA,1
674,674,1,1,1,3,1,4,1,1,1,3,3,3,A,1,1,C,1,0,AL,0
675,675,2,4,5,4,5,4,4,4,4,3,3,3,A,2,2,C,4,1,CO,0
676,676,8,5,4,4,4,4,4,3,3,2,3,3,C,2,2,C,3,0,CA,1
677,677,8,4,5,4,4,5,3,3,4,3,2,4,B,2,2,C,3,2,CA,0
678,678,1,5,5,4,5,5,4,4,4,4,4,3,C,3,2,C,4,0,NE,2
679,679,9,5,4,5,4,4,3,4,3,4,3,4,B,3,3,C,4,3,CA,2
680,680,1,4,3,5,3,4,3,1,2,4,3,2,B,2,1,C,1,2,TX,2
681,681,5,0,0,0,0,0,4,3,0,0,0,0,C,2,0,F,3,2,PA,1
682,682,1,5,5,4,5,5,4,3,4,4,2,2,A,2,3,C,2,0,CA,1
683,683,2,4,3,5,5,4,3,3,3,2,2,4,A,1,2,C,3,0,CA,0
684,684,3,2,3,4,3,2,2,3,3,1,3,1,A,2,2,C,0,2,NY,1
685,685,10,2,1,4,4,3,3,1,3,4,4,3,B,2,3,C,0,0,AZ,1
686,686,9,5,4,4,4,4,3,3,3,4,4,4,B,3,3,A,4,0,CA,2
687,687,10,2,2,5,1,1,1,1,3,3,1,1,C,1,0,D,0,1,AK,1
688,688,6,2,1,4,4,3,4,2,3,2,2,2,C,1,3,D,3,0,GA,1
689,689,10,5,4,4,5,5,4,3,4,3,4,2,B,3,2,C,4,4,NY,1
690,690,1,5,5,5,5,5,4,3,3,2,2,3,C,2,3,C,3,4,NY,1
691,691,8,4,2,5,4,3,4,3,3,0,0,2,C,2,2,D,0,1,FL,2
692,692,5,2,4,4,3,0,4,2,0,3,3,0,C,2,2,D,0,0,ID,1
693,693,8,3,3,5,4,4,4,2,4,0,0,0,C,0,2,D,0,1,NY,1
694,694,3,3,4,4,3,3,3,3,3,3,4,3,C,2,2,A,3,0,CA,1
695,695,2,4,5,3,4,2,3,2,3,3,3,1,A,2,1,A,2,3,CO,0
696,696,2,2,3,1,3,2,4,3,3,1,3,2,C,1,1,A,3,1,IN,1
697,697,10,5,5,4,5,5,4,3,4,4,3,3,A,2,3,C,1,2,NY,3
698,698,1,2,3,3,2,2,3,3,2,3,2,3,B,2,3,C,3,3,NY,1
699,699,10,5,5,5,5,5,4,4,4,4,4,3,C,3,2,C,5,1,NY,2
700,700,10,0,0,5,5,5,4,2,4,2,0,3,C,3,3,D,0,2,OK,2
701,701,8,2,4,4,4,3,3,3,3,4,2,3,B,1,3,C,4,4,OR,0
702,702,3,3,2,4,4,4,3,3,1,1,0,2,A,2,2,C,2,0,NY,1
703,703,6,5,3,4,4,4,3,3,3,3,3,4,C,1,2,C,1,0,FL,1
704,704,8,4,4,4,5,5,3,3,3,3,4,3,A,2,2,B,3,0,NC,1
705,705,7,3,2,2,5,5,3,3,2,0,2,2,B,3,2,A,3,0,NY,1
706,706,1,5,5,5,5,5,4,4,4,4,3,2,C,2,2,C,5,3,NY,3
707,707,2,5,5,5,4,4,4,3,4,4,4,3,C,2,3,C,4,0,TX,1
708,708,10,2,4,4,2,2,1,3,2,1,4,4,A,2,2,A,3,0,OK,0
709,709,10,3,2,4,4,4,4,3,1,1,1,3,C,1,2,C,0,0,FL,0
710,710,8,4,2,5,5,1,4,3,3,1,1,1,C,3,3,D,5,0,LA,0
711,711,1,5,5,4,5,5,4,4,4,4,3,3,B,3,3,A,3,3,NY,3
712,712,10,2,2,2,1,4,0,1,0,0,0,0,C,2,3,E,2,0,GA,0
713,713,2,2,3,2,2,1,1,3,4,3,2,1,B,3,1,A,4,3,VA,1
714,714,10,2,1,2,2,2,2,2,1,4,2,0,C,1,2,D,1,4,GA,1
715,715,3,2,1,4,4,4,3,1,2,3,3,2,B,2,1,C,1,0,CA,1
716,716,1,2,3,4,4,5,4,2,4,4,4,4,C,1,2,D,5,0,NC,0
717,717,10,5,5,5,5,5,4,4,4,4,4,4,B,3,3,C,5,4,NY,1
718,718,7,4,4,5,4,5,3,3,4,3,3,4,C,2,2,C,1,3,NY,2
719,719,1,1,1,1,3,3,3,2,1,3,2,3,C,1,2,D,4,3,OR,0
720,720,4,2,0,0,0,3,2,2,4,0,0,1,C,0,3,D,1,0,NY,0
721,721,10,4,4,4,4,1,4,3,3,1,1,1,C,3,0,A,2,1,MT,0
722,722,3,5,5,5,5,5,4,4,4,4,4,4,C,2,3,B,3,0,FL,1
723,723,2,1,1,4,5,5,2,1,1,4,4,4,A,2,3,B,3,0,TN,2
724,724,2,2,2,3,4,4,0,1,1,0,0,0,C,1,2,C,0,0,IA,1
725,725,4,3,4,4,4,3,3,2,3,2,2,2,A,2,3,E,2,1,WA,2
726,726,10,5,5,5,5,5,4,4,4,4,4,4,B,3,3,A,2,4,CA,0
727,727,2,5,4,0,4,3,2,4,3,3,3,2,A,2,1,A,2,1,OH,2
728,728,1,4,3,4,4,4,4,4,4,2,1,3,C,2,3,C,2,0,NY,2
729,729,9,3,3,4,4,4,3,2,3,4,4,4,B,2,2,A,3,4,FL,0
730,730,8,3,3,3,3,3,3,3,3,0,0,0,C,0,2,E,3,0,TX,1
731,731,1,4,3,4,4,4,3,3,3,1,1,2,B,3,1,C,2,0,TX,2
732,732,10,5,5,5,5,5,4,4,4,4,4,4,B,3,2,A,2,4,NY,0
733,733,1,4,5,3,4,3,3,3,3,3,2,1,B,2,3,C,3,1,FL,1
734,734,10,4,4,5,4,4,4,4,3,1,0,0,B,2,2,A,2,2,MI,1
735,735,8,4,4,4,5,2,3,3,4,1,1,1,C,3,2,D,4,2,NC,1
736,736,10,4,4,5,2,2,4,2,3,1,0,2,C,2,2,D,3,0,AL,3
737,737,1,5,5,5,5,5,4,1,4,4,4,4,C,3,2,A,5,3,NY,2
738,738,2,4,5,5,4,5,3,4,4,3,4,2,C,2,1,C,2,0,LA,2
739,739,1,2,2,3,3,3,1,1,0,4,3,1,B,1,3,D,3,2,MO,1
740,740,3,3,3,3,4,0,3,2,3,1,1,1,B,2,0,D,1,1,WI,0
741,741,1,5,5,5,5,5,4,4,4,3,2,0,C,2,2,C,3,0,CA,2
742,742,1,5,5,5,5,5,4,4,4,4,4,4,A,2,2,A,4,4,NY,3
743,743,8,3,3,3,2,5,3,3,3,3,2,1,C,2,2,D,4,0,CA,2
744,744,10,3,3,4,4,3,4,2,4,0,3,1,C,1,2,C,5,0,NJ,1
745,745,6,1,1,4,1,1,1,2,1,4,0,1,A,1,3,F,1,0,FL,0
746,746,1,4,3,5,4,4,3,2,3,3,2,1,C,1,2,B,3,0,DC,0
747,747,2,4,5,3,4,4,1,3,3,2,1,2,B,2,1,C,2,3,NY,3
748,748,1,1,1,4,2,2,1,1,1,0,3,0,C,1,0,E,3,3,WV,1
749,749,10,5,5,5,5,5,4,4,3,3,4,4,C,0,3,E,3,2,NY,1
750,750,9,4,5,5,5,5,4,4,4,3,3,4,B,3,3,D,3,0,FL,1
751,751,10,5,5,5,5,5,4,4,4,4,4,4,A,2,3,C,5,3,NY,2
752,752,10,3,1,1,1,1,3,3,1,4,4,4,C,2,3,C,2,0,CA,1
753,753,1,1,2,3,4,4,4,1,2,4,4,3,B,1,2,C,3,3,PA,1
754,754,1,2,2,4,4,4,3,2,2,3,3,1,C,1,3,A,4,0,AR,1
755,755,10,4,5,4,4,5,3,3,4,3,4,3,B,1,1,A,5,3,NE,0
756,756,1,2,3,2,4,1,2,2,3,2,3,2,C,0,1,D,2,2,NC,1
757,757,5,3,3,3,3,3,3,3,2,0,2,2,C,2,1,D,3,0,PA,1
758,758,2,2,3,4,4,4,3,3,3,2,3,2,C,2,2,A,3,3,NY,1
759,759,1,5,5,5,5,5,3,4,3,4,2,2,C,3,2,C,4,1,GA,1
760,760,6,4,2,4,3,2,4,3,4,2,0,0,A,2,2,D,4,0,NY,0
761,761,2,4,4,4,2,3,3,3,3,3,2,2,A,2,2,B,2,2,NJ,0
762,762,3,4,4,4,4,5,3,3,4,3,3,4,A,2,1,A,3,3,NY,2
763,763,10,5,5,5,5,5,4,3,4,4,4,3,B,2,3,C,5,2,NY,2
764,764,3,5,4,5,5,5,3,2,3,3,3,3,A,3,3,C,5,4,CA,2
765,765,10,5,5,4,3,3,3,4,4,4,3,2,A,3,2,D,3,4,PA,1
766,766,4,2,2,3,4,4,2,1,2,0,2,0,C,1,2,E,1,0,TX,0
767,767,8,5,4,3,5,4,4,4,4,4,3,4,B,2,2,A,4,3,TX,0
768,768,2,3,3,3,3,3,4,3,3,1,4,1,C,3,2,A,5,0,NY,1
769,769,2,2,2,3,2,2,3,2,3,0,1,2,C,0,3,D,2,0,MD,2
770,770,9,4,2,4,3,3,3,2,3,4,2,3,C,0,2,A,1,0,MI,2
771,771,8,5,5,5,4,4,3,3,3,3,3,4,C,2,2,A,5,0,IL,1
772,772,2,5,5,5,5,5,4,3,3,3,2,3,C,2,2,C,5,3,NY,1
773,773,5,3,2,2,2,1,1,3,3,3,2,3,A,2,1,C,2,2,CA,0
774,774,1,5,4,5,5,4,4,4,4,4,3,2,B,3,3,A,5,4,VA,2
775,775,1,5,5,5,5,5,4,4,3,4,4,4,A,2,2,C,5,0,CA,1
776,776,1,5,5,5,5,5,4,4,4,4,4,4,B,3,3,A,2,4,NV,0
777,777,8,3,2,3,1,1,4,2,3,0,0,2,B,3,3,C,2,0,SC,1
778,778,10,1,1,4,4,4,3,3,1,2,3,2,C,1,2,E,2,0,NH,0
779,779,5,4,4,4,5,4,4,3,3,1,0,2,C,2,1,D,3,0,FL,1
780,780,1,1,3,5,1,1,1,1,3,3,1,3,A,1,1,C,1,0,CO,1
781,781,8,5,4,5,4,5,4,3,4,4,3,4,A,2,2,C,2,2,CA,3
782,782,1,2,1,4,4,4,0,2,1,0,3,3,C,1,3,D,3,2,AR,0
783,783,1,4,4,4,4,4,1,3,1,3,3,3,C,2,2,E,3,2,DC,0
784,784,1,5,3,4,5,5,4,2,3,1,1,2,A,3,3,C,5,3,NY,3
785,785,10,5,5,4,4,5,4,4,4,2,3,4,B,3,2,C,2,4,NY,3
786,786,8,3,4,3,2,2,2,2,3,2,3,2,C,2,2,C,2,1,NY,1
787,787,6,5,4,3,3,4,3,3,3,3,4,3,A,2,2,C,5,2,CA,1
788,788,5,4,2,1,4,1,4,4,4,4,3,3,C,0,0,A,3,0,AL,0
789,789,8,4,4,2,4,0,4,3,3,3,2,3,B,2,2,C,3,3,NY,2
790,790,4,5,5,5,5,5,4,4,4,4,4,4,B,3,3,A,5,4,FL,1
791,791,5,1,4,4,3,1,3,3,4,4,3,3,B,2,1,A,2,3,NY,2
792,792,9,5,2,3,4,2,4,2,2,4,2,4,B,1,2,C,4,0,LA,2
793,793,5,0,0,0,3,4,3,2,2,3,2,3,C,2,1,A,0,0,AR,1
794,794,5,4,4,3,5,5,4,4,3,3,2,2,C,2,2,C,2,3,NY,1
795,795,1,5,5,5,5,5,4,4,4,4,4,4,A,2,3,A,5,4,NY,2
796,796,8,4,4,5,5,4,4,3,3,3,4,2,C,2,2,D,4,1,PA,1
797,797,2,4,4,4,4,4,3,2,3,4,2,2,A,2,1,C,3,4,CA,1
798,798,1,1,1,1,3,3,2,2,1,4,4,4,B,2,3,D,1,0,CO,0
799,799,1,4,5,4,3,4,2,4,4,4,2,4,B,1,2,D,3,4,NY,1
800,800,3,3,3,4,4,4,3,3,3,3,3,2,A,2,2,C,2,0,NY,1
801,801,1,4,4,5,5,5,3,1,2,4,3,3,C,1,2,C,3,3,OH,0
802,802,1,3,3,3,3,3,0,2,0,2,2,2,C,0,2,F,4,0,OH,0
803,803,2,4,1,5,5,5,0,4,1,4,4,4,C,1,2,D,5,1,NY,0
804,804,3,3,3,5,4,4,3,0,0,3,3,3,C,0,3,D,3,0,FL,1
805,805,5,0,0,0,0,0,0,0,0,0,0,0,C,0,0,A,1,0,NJ,0
806,806,1,1,1,5,4,5,3,4,3,4,4,3,C,1,2,D,3,2,MT,0
807,807,1,4,1,4,4,4,0,1,0,4,3,3,A,1,2,D,4,0,KS,1
808,808,6,3,4,4,4,4,2,2,3,3,3,3,A,2,2,A,3,0,TX,1
809,809,10,5,5,5,5,5,4,4,4,4,4,4,B,3,3,D,4,4,MD,3
810,810,1,4,4,4,4,4,3,3,3,2,3,2,A,2,3,C,2,0,CA,1
811,811,1,5,5,5,5,5,4,4,4,4,4,4,B,3,3,A,5,0,NY,2
812,812,1,5,5,5,5,5,4,4,4,2,2,2,C,3,3,C,5,0,NY,2
813,813,10,3,3,3,3,3,4,4,4,4,4,4,C,2,3,D,4,0,NY,1
814,814,10,3,3,4,4,4,4,1,4,3,4,3,C,2,3,D,3,2,ID,0
815,815,1,5,4,5,5,4,4,4,4,3,1,1,C,3,3,C,5,0,NY,2
816,816,8,5,5,5,5,5,4,3,4,1,1,1,C,3,3,A,1,0,CA,0
817,817,2,3,4,4,4,4,3,4,3,3,3,4,C,1,2,A,4,1,NY,1
818,818,1,1,2,4,5,5,4,2,3,4,2,3,C,1,3,D,3,0,TX,0
819,819,2,3,2,4,2,2,2,2,2,2,1,2,C,2,2,A,2,0,FL,1
820,820,6,5,5,5,4,5,4,3,4,3,2,4,B,2,2,A,4,4,CA,3
821,821,3,1,1,3,0,3,3,2,1,3,3,2,C,1,2,D,1,2,FL,0
822,822,3,5,5,5,4,4,3,3,3,1,2,2,B,2,2,C,3,0,MD,1
823,823,1,4,4,5,5,5,4,1,4,4,4,4,A,1,1,D,5,0,OH,2
824,824,5,4,5,3,4,5,4,3,4,3,4,3,B,2,3,C,4,3,NY,1
825,825,10,5,5,5,5,5,4,4,3,4,4,2,B,1,3,C,5,3,NY,3
826,826,3,4,3,2,4,2,3,2,3,3,2,2,A,2,2,C,4,3,NJ,1
827,827,2,0,2,1,5,4,1,2,2,1,3,0,B,2,2,B,0,1,AL,0
828,828,1,5,5,5,3,0,4,4,4,4,4,2,B,3,0,C,2,4,AL,0
829,829,10,1,1,1,5,1,4,4,4,4,4,4,B,3,3,A,5,0,MI,3
830,830,10,5,4,5,5,5,4,4,4,4,3,3,A,3,1,C,2,0,NY,2
831,831,3,3,3,4,4,3,3,1,1,3,3,3,B,2,2,C,2,0,AZ,1
832,832,3,3,3,3,3,3,2,2,2,0,0,0,A,0,0,E,0,0,MO,1
833,833,10,5,5,5,5,5,4,4,4,3,4,4,B,3,3,C,0,4,NY,0
834,834,5,4,4,4,4,4,3,3,4,2,2,1,C,2,3,D,3,0,TX,1
835,835,5,5,5,5,5,5,3,3,3,3,4,4,A,2,3,D,4,3,NY,1
836,836,6,4,5,5,5,4,4,4,3,3,4,3,C,3,2,C,2,1,WA,2
837,837,6,2,1,2,2,3,4,3,2,2,2,2,A,1,1,C,4,2,AK,2
838,838,1,5,5,5,5,5,4,4,4,4,4,4,C,3,3,C,5,3,NY,2
839,839,6,5,5,4,4,5,3,3,3,4,3,2,A,2,3,C,4,3,CA,2
840,840,1,1,1,5,4,4,3,2,2,3,3,3,C,1,2,F,0,2,AZ,2
841,841,2,4,4,2,3,2,3,4,4,4,4,4,A,3,2,B,2,2,AK,1
842,842,1,3,2,4,0,3,4,4,2,4,0,2,B,2,0,B,1,4,CA,0
843,843,1,1,1,4,4,4,3,1,3,3,4,3,B,1,2,C,3,2,PA,0
844,844,3,2,2,5,3,5,3,3,4,0,1,2,A,0,0,C,3,1,LA,1
845,845,1,5,5,5,4,5,4,4,4,4,4,4,A,2,2,C,4,1,TX,1
846,846,10,2,1,4,4,3,3,2,1,4,0,2,C,0,2,C,0,2,IL,0
847,847,1,5,5,5,5,5,3,3,4,4,2,4,B,2,2,C,5,0,NY,1
848,848,5,4,2,4,3,3,4,2,4,0,3,1,C,1,3,D,4,0,CT,1
849,849,10,5,5,5,5,5,4,4,4,4,4,4,C,3,0,A,5,0,NY,2
850,850,1,4,4,5,5,4,3,3,3,3,2,2,A,2,2,C,3,3,NY,2
851,851,1,2,3,4,3,3,2,2,1,0,0,0,C,1,2,F,3,0,NE,0
852,852,5,3,3,3,3,3,0,0,0,0,0,0,C,0,3,F,0,1,TX,0
853,853,7,5,5,5,5,5,4,3,3,4,3,4,B,3,1,C,5,4,FL,2
854,854,1,1,1,1,1,1,2,2,1,3,2,2,C,2,2,C,2,0,CA,1
855,855,1,4,4,5,5,5,4,4,3,4,3,3,A,2,2,C,2,3,CA,2
856,856,10,5,4,5,5,4,3,3,4,3,3,3,A,2,2,C,4,0,GA,1
857,857,8,5,5,5,4,4,3,2,4,4,4,3,B,3,3,A,5,0,CA,3
858,858,2,5,5,5,5,5,4,4,4,1,1,3,A,3,1,C,2,0,AK,1
859,859,1,2,1,2,2,3,0,4,1,2,0,3,C,2,1,D,1,2,TX,0
860,860,5,4,2,5,2,2,3,4,1,4,2,2,B,2,1,D,4,0,OK,1
861,861,1,4,5,5,5,5,3,3,3,2,0,1,B,3,2,C,3,4,NY,1
862,862,1,4,4,5,5,4,4,3,4,2,2,2,A,2,3,D,4,3,NY,1
863,863,3,4,3,4,4,3,3,3,3,3,2,3,C,2,3,C,0,0,CA,1
864,864,2,5,3,5,2,0,0,3,4,1,3,2,A,3,0,A,3,4,IL,0
865,865,3,3,4,5,4,0,4,2,3,0,3,2,C,2,3,A,3,0,VA,1
866,866,1,5,5,5,5,5,4,4,4,4,4,4,B,3,3,A,1,4,AL,0
867,867,9,4,3,3,3,3,3,3,3,3,3,3,C,1,3,A,3,3,FL,1
868,868,1,2,3,0,4,2,3,3,3,4,2,3,A,2,3,E,3,2,IL,0
869,869,3,0,2,1,0,0,2,4,3,4,2,3,A,3,2,A,5,3,CO,0
870,870,1,0,0,0,0,0,0,0,0,0,0,0,C,0,0,B,0,0,CO,3
871,871,10,4,5,4,5,5,3,3,4,2,2,3,C,2,1,C,2,0,NY,2
872,872,5,4,2,3,3,1,2,3,4,4,3,3,C,3,3,B,1,3,PA,1
873,873,8,4,5,5,5,4,3,3,4,3,3,2,C,2,1,C,3,0,CO,0
874,874,9,4,4,5,5,5,4,3,4,4,4,4,C,2,3,A,5,3,CA,3
875,875,10,5,5,5,5,5,4,4,4,4,4,4,B,3,3,C,1,4,TX,3
876,876,10,1,1,2,4,4,3,2,3,4,2,3,A,1,3,C,0,0,CA,1
877,877,1,5,4,4,5,5,4,3,4,1,3,3,B,2,3,C,2,1,FL,2
878,878,1,4,4,4,4,5,4,3,3,3,1,1,B,2,2,C,4,0,NY,1
879,879,1,5,5,5,5,5,4,3,4,4,4,4,B,3,3,A,4,3,NY,0
880,880,5,4,4,4,4,4,3,3,3,3,3,2,A,2,3,C,2,0,NY,1
881,881,1,2,2,3,4,4,3,1,2,0,0,3,C,1,2,C,3,0,MO,1
882,882,1,3,3,4,4,4,3,3,3,3,3,3,A,2,2,A,4,3,NY,1
883,883,10,5,4,5,5,5,3,4,2,4,3,4,C,2,2,C,1,0,NY,1
884,884,3,3,3,4,4,4,4,4,4,4,3,1,A,1,2,C,2,1,DE,1
885,885,5,5,1,4,0,5,4,2,4,3,3,1,B,2,3,C,2,4,CA,2
886,886,1,3,1,5,5,1,4,2,4,0,4,2,A,3,2,A,3,0,IL,0
887,887,10,0,5,5,5,3,4,4,4,0,4,4,B,2,2,A,3,1,CT,0
888,888,5,0,4,1,4,1,4,2,4,0,4,2,A,2,3,D,1,0,PA,0
889,889,1,5,5,5,5,5,4,4,4,4,4,4,C,3,3,C,4,3,NY,3
890,890,8,5,4,4,4,4,2,4,4,3,3,2,A,2,0,C,4,4,NY,2
891,891,3,5,5,4,3,3,3,3,3,3,3,3,C,2,3,B,3,0,NY,1
892,892,2,2,2,4,4,3,1,2,2,2,3,4,C,2,1,D,3,2,FL,1
893,893,2,5,5,5,5,5,4,4,3,4,3,3,C,1,2,C,3,0,NY,1
894,894,4,4,5,4,3,4,3,3,3,2,0,3,C,2,2,C,4,3,NY,2
895,895,3,5,3,3,0,4,3,3,4,2,3,1,A,2,2,A,3,2,RI,2
896,896,8,1,2,1,2,2,2,2,2,2,2,3,C,1,0,C,1,1,MN,0
897,897,8,3,4,5,2,3,3,3,2,2,1,1,C,3,2,D,5,0,NC,1
898,898,5,3,2,4,2,1,2,3,2,3,1,0,C,2,1,F,5,2,IL,1
899,899,1,4,3,4,4,4,3,3,3,3,3,2,C,0,1,A,3,0,PA,0
900,900,5,3,4,4,3,3,2,2,2,3,2,2,B,2,3,C,3,0,CO,2
901,901,5,1,1,1,1,1,1,1,1,1,1,1,C,2,3,D,1,0,CA,0
902,902,3,4,4,5,4,4,4,3,4,4,4,3,C,1,2,C,3,0,TX,1
903,903,8,4,4,4,4,4,3,3,3,3,3,3,C,1,1,B,3,0,TX,0
904,904,6,2,2,3,3,2,2,2,2,2,2,3,B,3,1,B,2,3,MD,0
905,905,4,1,3,4,4,0,3,3,2,3,2,3,A,1,2,D,2,4,NY,1
906,906,7,4,2,2,3,1,3,2,3,2,4,3,A,1,1,C,2,0,FL,0
907,907,7,5,5,5,5,5,4,4,4,2,3,2,C,1,2,C,2,0,CA,2
908,908,7,3,3,3,3,3,1,1,1,0,0,0,C,0,3,C,2,0,VA,0
909,909,1,3,3,3,3,3,3,3,3,3,3,3,A,2,2,C,3,1,NY,0
910,910,1,4,4,4,4,4,3,3,3,4,3,4,B,1,0,D,3,0,TX,0
911,911,5,3,3,3,3,3,3,3,4,2,2,2,C,2,2,D,3,2,AL,1
912,912,2,0,0,0,0,0,0,0,0,0,0,0,C,0,0,E,2,1,MD,3
913,913,3,5,3,5,4,5,4,4,4,4,4,4,B,3,3,D,0,0,CA,2
914,914,1,2,3,5,4,3,4,1,4,4,4,4,B,1,3,B,1,2,FL,0
915,915,7,2,2,4,4,3,3,2,3,3,2,2,C,2,1,D,3,0,MA,1
916,916,3,5,5,4,5,5,4,4,4,4,3,4,C,1,3,A,4,4,FL,3
917,917,9,4,3,3,2,2,2,2,2,1,2,2,C,1,2,C,1,4,KY,0
918,918,10,5,4,5,5,5,3,4,3,4,3,1,C,3,2,B,3,4,PA,1
919,919,1,4,4,5,5,5,4,2,4,2,3,0,C,2,2,D,3,4,FL,0
920,920,1,3,3,4,0,5,4,1,4,4,3,3,B,1,2,A,4,4,AR,0
921,921,5,3,1,4,2,1,2,2,1,0,0,3,C,0,0,F,1,2,TX,1
922,922,7,2,2,1,2,1,3,2,3,4,3,4,B,3,2,C,5,4,PA,0
923,923,1,4,2,4,4,4,3,2,3,3,3,0,C,1,2,B,3,4,MD,0
924,924,5,1,1,1,1,1,1,1,0,4,4,4,A,1,1,A,4,2,FL,0
925,925,1,3,4,5,1,5,4,3,4,1,2,1,B,1,2,A,1,4,CT,0
926,926,5,4,4,4,4,4,3,3,3,3,3,3,B,2,2,B,3,4,NY,0
927,927,10,2,2,4,4,4,4,1,4,4,4,4,A,1,2,D,3,0,MI,1
928,928,1,3,1,3,3,4,3,2,3,3,3,3,C,2,2,E,3,0,CA,0
929,929,10,3,3,0,5,4,4,1,2,4,3,3,C,1,3,C,4,0,NC,1
930,930,2,4,4,5,5,5,4,4,4,3,4,3,C,2,3,C,4,3,GA,1
931,931,3,1,1,4,0,0,3,3,3,3,3,0,C,1,1,A,3,0,IL,0
932,932,1,3,3,3,3,4,3,3,1,4,3,3,C,1,2,A,3,0,NC,1
933,933,1,3,3,4,4,4,3,3,3,3,3,2,B,1,2,C,4,4,CA,1
934,934,10,1,1,1,1,1,1,1,1,1,1,1,C,2,0,F,1,4,GA,0
935,935,1,2,2,3,2,2,3,1,3,4,3,0,C,2,3,A,5,1,GA,0
936,936,5,4,1,4,5,0,4,4,1,0,1,1,C,1,3,D,2,0,NY,0
937,937,1,1,1,1,3,5,4,1,4,3,2,2,B,1,3,F,1,0,MI,0
938,938,2,3,3,3,3,3,2,2,3,0,3,0,C,1,1,F,2,4,PA,0
939,939,3,2,2,4,4,3,3,2,1,3,3,2,C,1,1,A,3,1,FL,1
940,940,10,5,5,5,5,5,4,4,4,4,4,4,B,3,3,A,5,4,UT,1
941,941,5,4,4,4,4,2,2,1,4,4,3,4,C,2,2,D,5,4,LA,0
942,942,3,3,4,3,2,3,3,3,2,3,3,3,A,2,2,C,2,3,NY,0
943,943,10,2,2,2,1,1,3,3,3,3,3,2,C,3,0,A,2,0,IN,1
944,944,8,3,3,3,2,3,4,4,3,3,3,4,C,1,2,A,1,2,MD,1
945,945,9,3,4,5,3,5,2,2,1,2,2,4,C,2,2,D,2,0,ID,0
946,946,1,2,1,5,5,5,4,2,3,4,4,4,C,1,2,D,4,1,NM,0
947,947,10,4,4,4,5,5,4,3,4,4,2,2,C,1,2,C,4,1,PA,0
948,948,5,3,3,3,3,3,0,1,2,0,0,0,C,0,1,E,1,0,SD,1
949,949,9,5,4,5,5,5,4,3,4,4,3,4,B,3,3,B,5,1,IL,1
950,950,5,3,2,1,3,4,2,3,3,2,3,0,A,3,2,A,3,1,MA,0
951,951,8,5,5,5,4,4,3,3,3,2,2,0,C,2,0,C,1,0,VA,0
952,952,1,4,2,5,5,5,4,1,2,4,4,4,B,3,3,D,5,0,MO,0
953,953,8,5,4,3,4,5,4,3,4,4,3,4,B,3,3,C,4,4,NY,3
954,954,1,3,3,3,3,3,1,1,1,0,0,0,C,1,3,C,0,0,SC,0
955,955,5,4,4,5,3,3,4,2,3,0,0,0,C,2,2,D,5,0,NY,2
956,956,8,3,2,3,3,2,0,2,1,4,3,3,A,1,2,D,2,4,CO,0
957,957,7,1,1,1,1,1,1,1,1,1,1,1,C,1,0,D,2,1,AR,2
958,958,3,3,3,3,3,3,3,2,3,3,2,2,C,2,3,A,2,4,VA,0
959,959,4,3,3,3,3,3,0,0,0,0,0,0,B,0,3,A,2,0,TX,0
960,960,1,5,3,5,3,3,3,2,3,0,0,0,A,1,0,A,3,4,MA,0
961,961,1,4,3,4,5,5,4,3,3,4,0,3,B,0,3,A,3,4,AL,1
962,962,1,1,1,4,4,5,3,3,3,4,3,2,C,1,2,C,3,0,MO,2
963,963,4,4,4,3,3,4,3,3,3,4,2,3,C,2,2,B,2,0,VA,0
964,964,1,3,4,4,4,4,3,1,2,3,3,3,B,1,1,C,3,0,TX,1
965,965,3,4,4,4,4,3,3,3,2,4,4,2,B,1,2,D,2,0,IL,1
966,966,8,5,5,5,5,5,4,4,4,4,4,4,B,3,1,A,2,4,FL,0
967,967,7,4,4,5,4,4,4,3,3,3,3,0,B,1,2,B,3,0,IN,2
968,968,1,2,2,3,3,2,1,1,1,3,0,2,B,2,2,D,2,4,TX,0
969,969,4,4,4,3,3,1,3,2,3,2,4,2,C,2,2,E,5,0,GA,1
970,970,10,5,4,4,5,5,3,4,4,4,4,3,A,2,3,C,5,3,CA,2
971,971,2,3,3,3,3,3,2,2,2,2,2,2,C,1,1,E,1,1,TN,0
972,972,1,4,3,3,3,2,2,2,3,3,3,2,A,3,3,A,0,0,OK,1
973,973,1,1,2,4,1,1,2,1,1,3,3,3,A,1,3,E,3,0,NY,1
974,974,1,3,1,4,4,4,3,3,2,4,4,3,B,1,2,B,2,4,MI,1
975,975,1,5,1,3,4,4,3,4,3,2,4,2,C,2,2,A,2,4,AZ,0
976,976,2,5,4,5,5,5,4,3,4,0,0,0,A,2,2,A,4,0,OK,1
977,977,9,1,1,4,4,4,3,2,3,4,3,4,C,3,3,E,1,4,GA,0
978,978,10,4,3,4,3,3,3,3,3,4,4,4,A,2,2,D,3,4,PA,1
979,979,5,3,3,3,3,3,3,3,3,3,3,3,A,2,1,D,4,4,SC,1
980,980,2,3,2,3,3,3,2,1,0,0,0,0,A,1,2,A,2,0,TX,1
981,981,10,5,5,5,5,5,4,4,4,4,4,4,A,3,3,C,5,0,NY,1
982,982,5,5,4,5,4,5,3,3,3,4,3,4,B,2,2,C,1,3,VA,0
983,983,6,2,3,4,3,3,3,3,3,3,3,3,B,1,2,C,3,3,CA,1
984,984,10,3,3,3,3,3,1,1,0,4,4,1,C,0,0,A,4,2,VA,0
985,985,3,1,1,3,2,2,1,2,1,4,4,3,C,1,2,D,3,0,AZ,0
986,986,10,4,4,4,5,5,3,4,4,3,3,4,C,3,3,C,4,3,NY,3
987,987,1,3,2,2,3,3,2,1,1,3,3,3,C,1,2,D,1,0,NC,0
988,988,1,4,3,3,3,4,3,1,2,3,2,3,B,2,1,D,0,0,LA,1
989,989,1,1,1,4,2,1,1,1,1,4,1,1,C,1,2,C,1,0,TN,1
990,990,1,4,4,5,4,3,3,2,2,3,3,2,A,2,2,C,3,0,CA,1
991,991,1,3,2,4,0,0,3,3,2,3,3,3,C,2,3,C,3,0,TX,2
992,992,1,1,1,1,2,2,2,1,1,2,3,1,C,2,1,C,2,4,NC,1
993,993,4,3,3,3,3,3,0,0,0,0,0,0,C,0,1,E,0,4,GA,0
994,994,8,3,3,1,3,1,2,3,1,2,2,2,A,2,2,B,0,2,VA,1
995,995,4,3,3,3,3,3,2,2,0,0,0,0,A,2,2,A,2,0,TX,0
996,996,9,4,2,2,2,2,2,3,3,2,3,3,A,2,2,A,5,3,NY,2
997,997,9,5,5,5,5,5,4,4,4,4,4,4,B,3,3,A,2,3,TX,1
998,998,1,3,2,5,4,1,1,2,1,0,2,3,C,2,2,D,2,4,AL,1
999,999,1,2,2,4,5,5,2,1,3,3,4,4,A,2,2,E,3,0,IL,2
1000,1000,10,5,5,5,5,5,4,4,4,4,4,4,B,3,3,B,2,4,WA,3
1001,1001,7,3,4,3,4,5,3,2,1,4,0,0,C,0,2,C,1,0,CA,0
1002,1002,10,1,1,1,1,1,3,1,1,1,1,1,A,2,3,E,1,0,NJ,1
1003,1003,10,1,3,3,5,5,4,2,4,1,3,4,C,3,2,E,1,0,IL,0
1004,1004,9,4,4,3,4,4,3,3,2,3,4,3,A,3,1,C,2,2,NJ,2
1005,1005,2,2,2,3,2,2,3,1,0,3,3,3,C,0,2,B,3,0,OH,1
1006,1006,7,4,3,5,3,3,3,3,3,4,4,4,C,3,1,D,5,0,WV,1
1007,1007,6,3,2,1,3,3,2,2,0,0,0,3,C,1,1,E,1,3,MS,0
1008,1008,10,5,5,5,5,5,4,4,4,4,4,4,B,3,3,A,5,2,CA,3
1009,1009,2,5,2,3,4,4,4,3,4,2,4,4,B,3,2,D,1,0,OH,1
1010,1010,5,3,3,3,3,3,4,0,4,0,0,0,C,0,2,F,0,0,NV,0
1011,1011,7,5,5,5,5,5,4,4,4,4,4,4,B,3,2,C,5,0,NY,2
1012,1012,1,2,2,4,3,3,1,0,1,0,3,4,B,2,1,E,3,0,AL,0
1013,1013,1,5,5,5,5,5,3,3,4,1,2,4,B,2,3,A,4,1,CA,1
1014,1014,1,1,1,3,4,4,2,1,4,0,0,0,C,2,2,E,1,3,PA,1
1015,1015,3,4,3,4,3,0,3,2,0,0,2,3,A,0,1,E,2,3,FL,2
1016,1016,3,5,3,4,5,2,3,4,3,4,3,4,B,2,1,B,1,2,NY,0
1017,1017,1,2,2,3,1,1,3,4,3,4,3,3,A,0,1,A,4,0,LA,1
1018,1018,9,2,1,4,4,3,0,2,1,3,2,4,A,2,2,C,3,0,ID,0
1019,1019,1,2,1,2,2,2,2,2,2,3,1,1,A,1,2,D,3,4,FL,1
1020,1020,7,2,2,2,2,2,3,1,2,3,1,2,C,1,2,D,2,0,TX,0
1021,1021,3,3,3,4,3,3,3,2,3,3,0,0,B,1,2,C,3,1,PA,0
1022,1022,10,4,5,4,4,0,3,3,3,3,3,3,C,2,3,A,2,4,IN,0
1023,1023,6,2,2,3,4,3,2,3,3,2,2,4,A,1,2,C,4,3,MD,1
1024,1024,6,3,4,4,3,3,4,3,3,2,1,2,C,1,2,B,3,0,HI,1
1025,1025,10,5,5,5,5,5,3,4,4,4,4,4,B,3,3,C,5,4,CA,1
1026,1026,2,4,3,4,5,4,2,2,2,4,3,3,C,2,1,A,4,0,GA,2
1027,1027,5,4,3,1,2,2,3,3,3,2,3,2,C,0,0,A,3,0,CA,2
1028,1028,1,5,4,5,5,5,4,4,4,4,4,4,A,2,1,A,0,1,NY,3
1029,1029,1,4,3,4,3,3,4,2,4,3,3,3,B,2,2,D,2,0,HI,1
1030,1030,2,5,5,5,4,4,4,4,4,4,3,4,A,2,1,C,4,4,NY,2
1031,1031,10,4,4,4,5,3,4,4,4,1,2,3,A,2,1,F,2,0,WI,2
1032,1032,1,1,2,3,5,5,2,1,2,4,4,4,B,1,1,E,3,2,AL,0
1033,1033,1,3,1,4,3,3,4,2,4,2,2,4,B,2,3,D,2,0,TX,1
1034,1034,5,4,1,4,4,0,3,1,3,0,0,2,B,1,3,F,3,0,FL,2
1035,1035,8,5,4,3,5,5,4,4,4,4,3,4,C,2,3,D,3,4,NY,3
1036,1036,1,3,3,3,4,2,3,3,2,4,3,0,C,1,2,F,4,3,NC,0
1037,1037,1,1,1,1,3,5,1,1,1,4,0,1,C,1,1,C,1,0,GA,0
1038,1038,1,5,5,5,5,4,4,3,4,3,1,2,C,2,2,C,3,1,NY,2
1039,1039,2,5,4,5,5,4,4,3,3,3,3,4,A,2,3,D,4,4,CA,3
1040,1040,1,3,3,4,2,2,2,1,1,4,3,3,A,1,2,D,2,4,OK,0
1041,1041,1,2,3,4,4,4,3,3,4,3,2,2,B,2,1,D,4,4,KY,0
1042,1042,3,4,2,3,2,0,0,2,2,4,3,3,B,0,2,F,4,2,FL,0
1043,1043,10,5,4,5,4,5,4,4,4,4,3,4,C,2,3,C,5,3,TX,2
1044,1044,10,5,5,5,5,5,4,4,4,4,4,4,B,3,3,A,5,4,NY,2
1045,1045,7,2,2,4,4,4,4,4,3,1,1,3,C,1,3,A,2,0,OH,0
1046,1046,5,1,1,2,4,4,3,3,3,2,0,0,B,2,2,D,0,0,GA,0
1047,1047,7,1,3,4,3,2,3,3,4,4,3,2,B,3,2,C,2,2,NY,2
1048,1048,2,5,4,5,5,4,3,3,3,0,3,2,C,1,3,D,4,2,MN,1
1049,1049,1,4,4,4,4,4,3,1,3,3,4,3,C,2,1,A,1,0,NY,0
1050,1050,1,1,1,4,4,4,3,1,3,4,4,4,B,1,2,F,4,0,NV,0
1051,1051,6,2,2,3,3,3,3,1,2,3,3,0,A,0,1,D,3,4,OK,1
1052,1052,2,2,2,4,4,4,3,3,3,0,0,0,A,1,3,B,3,0,CA,0
1053,1053,1,3,3,5,4,4,4,3,3,0,0,2,C,2,2,C,0,2,NY,0
1054,1054,10,5,5,5,5,5,4,4,4,4,4,4,B,3,3,A,4,1,NY,0
1055,1055,1,5,5,5,5,5,3,4,4,1,1,2,C,2,3,C,2,0,TX,1
1056,1056,6,2,1,3,2,2,2,2,1,0,0,0,C,2,2,D,0,0,WI,1
1057,1057,8,2,1,4,2,1,2,2,1,4,3,3,B,2,2,F,0,4,OK,2
1058,1058,1,3,3,3,3,4,4,4,4,3,4,3,B,1,2,A,3,4,OH,0
1059,1059,5,3,3,3,3,3,3,3,2,0,0,0,C,0,2,A,0,0,NJ,1
1060,1060,3,3,1,3,3,3,3,1,2,3,0,0,A,2,1,C,3,0,DE,1
1061,1061,10,5,5,2,5,5,4,3,4,0,0,1,C,1,3,A,3,1,OH,0
1062,1062,1,1,1,0,0,2,1,1,0,3,0,0,B,1,2,F,4,0,KY,0
1063,1063,10,5,5,5,5,5,4,4,4,4,4,4,B,3,3,A,5,4,OK,3
1064,1064,2,4,4,4,3,4,3,3,3,0,2,3,C,2,2,D,5,0,KY,1
1065,1065,3,4,3,4,4,4,0,3,2,0,3,2,A,0,2,E,2,0,KY,1
1066,1066,1,3,3,4,1,1,4,3,3,1,1,1,C,3,3,D,4,3,MA,1
1067,1067,10,5,5,5,5,3,4,4,3,3,3,3,C,1,3,C,0,0,AR,0
1068,1068,8,5,4,2,4,3,4,4,4,3,4,2,B,3,2,A,0,3,CA,0
1069,1069,9,4,3,4,4,4,4,4,4,4,4,3,B,3,2,A,3,3,WA,1
1070,1070,1,4,2,5,4,4,3,3,2,3,0,0,C,1,3,D,2,0,FL,0
1071,1071,6,2,1,4,3,3,3,2,3,1,1,1,A,1,2,A,1,0,MI,0
1072,1072,5,4,5,4,5,4,4,4,4,4,4,3,B,2,3,A,4,4,MD,1
1073,1073,1,0,0,0,0,0,0,0,0,0,0,0,B,1,0,C,1,0,NY,0
1074,1074,1,4,4,5,5,4,3,2,4,3,0,3,C,2,1,D,0,2,MI,1
1075,1075,7,3,4,5,4,4,3,3,3,3,2,4,A,2,2,A,2,2,WA,1
1076,1076,9,5,5,5,4,5,4,4,4,4,4,4,B,3,2,D,4,3,MI,1
1077,1077,6,2,2,2,2,5,4,4,4,3,3,3,C,2,1,C,4,0,MA,1
1078,1078,8,2,3,4,3,5,4,2,4,2,2,2,C,2,1,D,4,4,KY,0
1079,1079,8,4,4,5,5,4,3,3,3,3,2,2,B,2,2,C,2,3,TX,2
1080,1080,1,1,1,2,2,2,3,1,1,4,3,0,C,1,2,D,1,0,ND,0
1081,1081,6,5,5,4,5,4,4,4,4,2,4,4,B,2,2,C,3,3,CA,3
1082,1082,1,3,3,3,4,4,3,3,4,3,3,3,B,1,1,A,4,4,WI,0
1083,1083,10,5,5,5,5,5,4,4,4,4,4,4,C,2,3,C,5,0,CA,1
1084,1084,10,1,1,1,1,1,1,1,1,1,1,1,C,1,0,E,0,0,GA,3
1085,1085,3,5,4,5,4,5,3,3,3,4,3,4,A,2,2,B,0,3,DC,0
1086,1086,1,5,5,4,5,5,4,4,4,4,2,4,C,3,3,C,5,3,NY,2
1087,1087,1,5,4,5,5,5,3,2,2,3,2,2,C,1,2,F,4,0,GA,1
1088,1088,7,5,5,5,5,3,3,2,4,2,1,4,B,2,3,C,4,0,NY,1
1089,1089,10,4,3,5,5,4,3,3,3,2,2,4,C,1,2,C,2,0,NY,1
1090,1090,4,5,3,3,4,3,2,3,3,2,2,2,B,2,3,A,2,4,NY,3
1091,1091,3,4,3,4,4,5,3,3,3,4,3,4,A,2,3,C,3,1,CA,2
1092,1092,1,1,2,3,1,1,1,1,1,3,2,1,B,1,3,D,4,3,CA,3
1093,1093,9,5,5,5,5,4,4,3,4,4,4,3,B,2,3,C,3,4,AR,1
1094,1094,9,5,5,5,5,4,3,3,3,4,4,3,A,3,2,A,2,3,NJ,3
1095,1095,10,5,5,5,5,5,4,4,4,2,0,4,C,3,3,C,3,0,GA,1
1096,1096,5,5,5,3,4,1,4,4,4,1,3,4,C,3,3,E,3,3,TX,1
1097,1097,1,4,3,4,4,4,3,2,3,3,1,1,C,2,3,C,3,3,NY,2
1098,1098,1,4,4,4,4,5,4,4,4,4,3,4,B,3,3,C,4,4,NY,2
1099,1099,5,2,2,3,3,3,0,2,2,0,2,2,B,2,2,A,3,0,NV,1
1100,1100,1,1,1,3,3,3,3,2,3,3,3,0,B,0,2,D,4,4,FL,2
1101,1101,1,1,1,2,1,1,2,1,1,3,3,3,B,1,2,D,1,0,NY,0
1102,1102,9,5,5,5,4,5,3,4,4,4,4,4,B,2,1,C,5,3,FL,3
1103,1103,6,5,2,4,4,5,2,2,3,4,2,1,A,2,2,C,4,3,IL,1
1104,1104,1,4,5,5,5,5,4,3,4,2,2,2,C,2,2,C,3,1,NY,2
1105,1105,7,2,3,1,5,4,3,3,3,2,3,3,C,1,2,C,2,3,CA,0
1106,1106,3,5,5,5,5,5,4,4,4,4,4,4,B,3,3,D,4,4,GA,3
1107,1107,8,1,3,1,0,4,2,2,3,3,1,3,A,2,2,A,1,4,AK,0
1108,1108,8,5,4,5,4,4,3,3,3,2,3,3,A,3,2,C,3,0,NY,1
1109,1109,1,1,1,3,3,3,3,1,0,3,4,4,C,1,3,E,3,0,CA,0
1110,1110,5,5,5,5,5,5,4,4,4,4,2,3,C,3,1,C,4,1,AZ,0
1111,1111,9,3,3,3,4,5,4,3,4,4,3,3,B,3,3,B,0,4,NY,2
1112,1112,10,5,5,5,5,5,4,4,4,4,4,4,C,3,3,C,5,3,FL,3
1113,1113,9,5,5,5,4,5,4,3,4,4,3,3,B,2,1,B,3,4,AR,1
1114,1114,1,5,5,5,5,4,4,3,3,1,2,0,C,2,3,C,3,0,CA,1
1115,1115,1,5,5,5,5,5,4,4,4,3,0,1,C,2,2,D,5,3,MS,1
1116,1116,10,5,5,5,5,5,4,4,4,2,2,1,A,2,1,C,4,3,NY,3
1117,1117,7,1,1,4,3,3,3,1,2,2,1,2,C,1,2,A,1,0,HI,0
1118,1118,1,4,3,5,4,4,4,3,2,3,3,2,C,2,3,C,5,3,FL,1
1119,1119,5,5,4,5,3,5,4,4,4,4,4,3,B,2,2,A,4,0,NY,3
1120,1120,5,5,4,4,3,5,1,2,4,4,4,4,C,2,1,F,4,4,AZ,0
1121,1121,1,5,5,4,4,3,4,4,3,1,2,3,B,2,3,A,3,0,CA,0
1122,1122,1,5,4,5,4,5,4,4,4,3,4,3,B,3,1,A,4,4,GA,1
1123,1123,10,3,3,3,3,3,0,2,0,3,0,0,C,2,1,C,3,0,FL,1
1124,1124,1,4,4,5,5,5,4,3,4,4,2,3,C,2,1,C,2,3,NY,3
1125,1125,6,1,1,3,4,1,4,1,2,0,3,0,A,2,2,E,1,3,GA,1
1126,1126,8,4,4,4,4,4,3,2,3,3,3,3,C,2,2,D,1,4,MO,0
1127,1127,1,4,3,5,4,4,3,3,2,3,0,2,C,0,2,C,5,0,IL,1
1128,1128,2,1,2,3,3,3,2,1,3,4,2,3,B,2,3,C,2,4,MS,0
1129,1129,1,4,4,5,4,4,3,3,3,2,3,2,C,2,3,C,2,0,GA,1
1130,1130,1,3,3,3,3,3,0,1,2,0,2,2,C,1,2,A,3,1,IL,0
1131,1131,10,4,4,4,5,5,3,3,3,2,2,4,C,1,2,A,3,0,NY,1
1132,1132,1,5,5,5,5,5,4,3,3,4,4,3,C,1,3,D,5,3,NY,2
1133,1133,8,3,4,4,4,3,3,3,4,3,3,4,B,3,2,C,3,3,NY,2
1134,1134,1,5,4,5,5,5,4,3,4,4,1,2,C,0,3,F,4,2,MA,0
1135,1135,6,5,5,5,3,4,3,3,3,3,0,3,C,2,2,C,0,0,CA,2
1136,1136,2,3,1,5,3,2,3,4,3,2,2,4,B,3,2,B,2,2,FL,0
1137,1137,3,5,0,3,4,1,4,3,2,1,3,1,A,3,3,C,4,0,GA,0
1138,1138,10,1,1,1,1,1,1,1,1,1,1,1,C,1,0,D,2,0,CO,0
1139,1139,1,1,1,3,3,2,1,1,1,3,2,3,C,1,0,E,1,0,VA,1
1140,1140,10,5,4,5,4,5,4,4,4,4,4,4,A,2,3,C,5,4,NJ,2
1141,1141,6,3,2,3,3,3,3,3,3,3,2,2,C,1,2,C,3,0,NC,1
1142,1142,1,3,3,3,3,3,3,2,3,3,3,3,C,2,2,B,4,0,KY,0
1143,1143,10,2,2,3,3,3,1,1,1,4,0,3,B,1,2,D,1,0,TX,1
1144,1144,9,5,5,5,5,5,4,4,4,4,4,4,B,3,3,C,4,3,TX,2
1145,1145,8,1,4,5,3,5,4,4,4,4,3,3,B,2,3,C,2,0,UT,0
1146,1146,8,4,4,3,4,4,3,3,3,3,4,3,A,2,3,D,3,3,NY,2
1147,1147,10,1,1,5,4,4,4,2,1,4,4,0,C,1,3,F,4,4,OR,1
1148,1148,3,3,4,3,4,4,3,2,3,3,2,2,C,2,2,D,3,0,MA,2
1149,1149,1,4,1,4,5,3,4,4,4,4,4,4,B,2,1,D,1,3,LA,3
1150,1150,7,2,2,1,2,2,2,1,1,3,3,0,B,1,2,F,2,4,KY,0
1151,1151,8,4,5,3,4,5,3,3,3,3,2,4,C,2,3,C,5,4,NY,2
1152,1152,1,1,1,4,3,3,1,1,1,4,4,4,C,1,2,B,0,0,VA,1
1153,1153,5,0,0,0,0,0,0,0,0,0,0,0,C,0,3,A,0,4,TX,0
1154,1154,3,4,4,5,4,5,3,3,2,3,3,3,C,2,2,C,4,3,NY,2
1155,1155,2,3,1,1,2,1,2,3,0,3,4,3,C,2,0,C,2,1,AR,1
1156,1156,3,2,2,3,3,3,3,1,2,4,3,0,C,2,3,A,3,0,CA,1
1157,1157,10,2,2,3,3,3,4,4,4,4,4,3,C,1,2,C,2,0,CA,0
1158,1158,5,3,3,4,0,2,4,2,3,0,0,3,C,0,1,C,4,0,NC,0
1159,1159,1,3,3,3,3,3,3,1,4,3,0,0,C,1,2,E,1,0,NY,0
1160,1160,10,4,3,4,4,4,4,2,3,3,3,3,B,1,2,B,3,1,TX,1
1161,1161,8,1,1,4,3,3,2,1,4,1,1,1,B,2,1,E,3,0,IL,0
1162,1162,2,4,4,4,4,4,3,3,2,3,3,2,C,2,2,E,3,3,NC,1
1163,1163,5,3,5,5,5,5,4,4,4,3,3,3,C,2,3,C,5,0,GA,1
1164,1164,1,5,5,2,5,5,3,3,4,4,4,3,B,2,1,B,4,1,CA,1
1165,1165,7,4,4,5,4,2,4,3,4,1,3,3,C,3,0,F,1,0,IL,1
1166,1166,1,4,3,3,4,5,3,2,2,3,3,3,A,2,3,A,2,3,CA,1
1167,1167,3,3,4,4,4,4,4,3,4,2,3,3,C,2,3,A,3,0,FL,1
1168,1168,3,1,1,3,4,4,4,1,1,3,3,3,C,1,2,F,3,0,NY,0
1169,1169,7,4,4,3,3,1,3,3,3,3,3,4,B,2,2,C,4,2,NY,2
1170,1170,2,5,5,4,5,5,4,4,4,4,4,3,B,3,3,A,2,4,TX,3
1171,1171,5,4,4,4,4,4,3,3,2,3,3,3,C,2,2,D,3,1,CA,1
1172,1172,2,5,4,4,5,4,3,4,4,2,4,3,B,3,2,C,2,0,TX,0
1173,1173,1,3,2,4,3,2,2,1,0,3,0,1,A,2,2,D,3,2,OH,0
1174,1174,3,3,2,3,4,0,3,2,2,2,0,1,C,1,2,D,3,0,IN,1
1175,1175,10,5,5,5,5,5,4,4,4,4,4,4,B,3,3,C,5,0,NY,2
1176,1176,10,4,1,3,3,3,3,1,1,1,1,1,C,1,3,C,5,0,NY,0
1177,1177,8,2,4,5,5,4,2,1,3,3,3,4,C,2,2,C,4,0,FL,1
1178,1178,3,4,4,4,4,4,1,3,2,3,3,2,B,3,3,D,3,3,IL,0
1179,1179,2,2,3,3,1,2,4,2,4,2,3,2,B,0,2,B,4,2,VA,1
1180,1180,3,5,4,3,2,1,4,4,4,4,3,2,B,3,3,C,0,2,MD,1
1181,1181,9,4,4,4,4,4,3,3,3,3,3,3,B,2,2,C,3,0,NY,2
1182,1182,1,5,5,5,5,5,4,4,4,4,4,4,A,2,0,C,4,0,NY,2
1183,1183,2,5,5,5,5,5,4,4,4,4,4,4,B,3,3,A,1,4,MS,1
1184,1184,1,5,5,5,4,5,4,4,4,3,2,4,A,2,2,C,4,2,CA,2
1185,1185,8,4,5,4,5,5,4,4,4,3,4,4,C,2,3,A,5,4,TX,2
1186,1186,7,3,4,3,4,1,3,2,3,3,4,2,A,2,1,C,2,2,NY,1
1187,1187,1,2,3,3,3,3,0,1,1,4,3,3,C,1,3,E,4,0,NY,2
1188,1188,10,3,3,5,3,3,4,4,4,2,2,1,C,1,3,C,3,0,NY,3
1189,1189,5,3,5,4,3,4,3,2,3,3,4,3,C,2,2,D,4,3,TN,1
1190,1190,3,3,3,3,3,3,0,1,1,0,0,0,C,0,3,C,3,0,GA,0
1191,1191,1,5,4,5,4,5,4,4,4,3,3,4,C,2,3,C,4,0,NY,2
1192,1192,10,4,4,5,5,4,4,3,4,3,3,0,C,3,3,D,3,0,NC,1
1193,1193,3,2,2,4,3,4,2,2,2,1,0,2,C,1,2,C,5,0,NC,0
1194,1194,1,3,1,2,1,1,0,1,1,0,1,2,C,1,3,D,0,0,GA,0
1195,1195,1,4,4,4,3,3,3,2,3,3,3,3,C,2,3,C,3,3,NY,1
1196,1196,1,3,3,3,3,3,4,4,4,3,4,3,C,0,3,A,4,0,NY,0
1197,1197,3,4,4,5,3,4,4,3,3,2,3,3,B,2,3,C,5,0,NY,2
1198,1198,9,4,3,5,4,5,3,3,3,2,3,4,A,1,1,C,5,3,CA,2
1199,1199,2,4,3,5,4,4,3,3,4,2,3,2,A,2,2,C,3,1,FL,2
1200,1200,10,5,5,5,5,5,4,4,2,4,4,4,A,1,0,C,3,0,FL,3
1201,1201,10,4,5,4,5,5,4,4,4,0,0,3,C,0,1,E,2,0,CA,1
1202,1202,6,3,3,1,3,1,2,3,3,2,2,2,A,3,2,B,3,2,CA,1
1203,1203,4,3,4,2,1,4,4,3,3,4,4,2,B,2,2,D,2,3,AK,0
1204,1204,1,4,2,3,5,4,2,3,3,3,2,2,B,2,2,F,2,0,PA,1
1205,1205,10,4,4,5,5,4,4,3,4,3,3,3,C,2,2,A,3,0,WV,1
1206,1206,5,1,2,2,5,1,3,4,4,4,4,4,B,2,1,A,1,0,OH,0
1207,1207,1,5,5,4,4,5,4,4,4,4,4,4,B,2,3,A,1,4,DE,3
1208,1208,4,4,4,5,5,4,3,3,3,1,1,0,C,1,1,B,2,2,IL,0
1209,1209,1,5,5,5,5,5,4,4,4,4,1,1,C,1,2,D,3,4,MD,0
1210,1210,5,2,2,2,2,2,3,1,3,3,2,2,C,2,1,A,3,1,KY,1
